Workbook

Sheet Wheat_Mo
A1: Commodity | B1: Metric | C1: Crop Year | D1: AUG | E1: SEP | F1: OCT | G1: NOV | H1: DEC | I1: JAN | J1: FEB | K1: MAR | L1: APR | M1: MAY | N1: JUN | O1: JUL | P1: AUG/JUL
A2: Wheat, excluding durum | B2: Planted Area | C2: 02-03 | D2: 19.5012 | P2: =D2 -> 19.5012
A3: Wheat, excluding durum | B3: Planted Area | C3: 03-04 | D3: 19.7719 | P3: =D3 -> 19.7719
A4: Wheat, excluding durum | B4: Planted Area | C4: 04-05 | D4: 19.1433 | P4: =D4 -> 19.1433
A5: Wheat, excluding durum | B5: Planted Area | C5: 05-06 | D5: 18.1559 | P5: =D5 -> 18.1559
A6: Wheat, excluding durum | B6: Planted Area | C6: 06-07 | D6: 20.549875 | P6: =D6 -> 20.549875
A7: Wheat, excluding durum | B7: Planted Area | C7: 07-08 | D7: 16.9631 | P7: =D7 -> 16.9631
A8: Wheat, excluding durum | B8: Planted Area | C8: 08-09 | D8: 19.111 | P8: =D8 -> 19.111
A9: Wheat, excluding durum | B9: Planted Area | C9: 09-10 | D9: 19.2571 | P9: =D9 -> 19.2571
A10: Wheat, excluding durum | B10: Planted Area | C10: 10-11 | D10: 17.9841 | P10: =D10 -> 17.9841
A11: Wheat, excluding durum | B11: Planted Area | C11: 11-12 | D11: 17.551812 | P11: =D11 -> 17.551812
A12: Wheat, excluding durum | B12: Planted Area | C12: 12-13 | D12: 19.0678 | P12: =D12 -> 19.0678
A13: Wheat, excluding durum | B13: Planted Area | C13: 13-14 | D13: 21.2865 | P13: =D13 -> 21.2865
... A93: Wheat, excluding durum | B93: Production | C93: 24-25 | D93: 29558.5 | P93: =D93 -> 29558.5
A94: Wheat, excluding durum | B94: Exports | C94: 02-03 | D94: 701.344 | E94: 487.3 | F94: 646.784 | G94: 412.44 | H94: 435.044 | I94: 291.912 | J94: 353.22 | K94: 397.448 | L94: 452.05 | M94: 692.208 | N94: 511.644 | O94: 694.858 | P94: =SUM(D94:O94) -> 6076.252
A95: Wheat, excluding durum | B95: Exports | C95: 03-04 | D95: 701.158 | E95: 1093.95 | F95: 1201.09 | G95: 954.188 | H95: 1072.484 | I95: 787.754 | J95: 718.62 | K95: 898.348 | L95: 991.478 | M95: 1396.122 | N95: 1380.392 | O95: 858.434 | P95: =SUM(D95:O95) -> 12054.018
A96: Wheat, excluding durum | B96: Exports | C96: 04-05 | D96: 1222.426 | E96: 773.544 | F96: 666.2 | G96: 1037.526 | H96: 1158.662 | I96: 945.51 | J96: 1066.98 | K96: 941.944 | L96: 874.31 | M96: 1014.712 | N96: 765.67 | O96: 863.402 | P96: =SUM(D96:O96) -> 11330.886
A97: Wheat, excluding durum | B97: Exports | C97: 05-06 | D97: 783.01 | E97: 751.02 | F97: 914.162 | G97: 820.976 | H97: 706.172 | I97: 812.806 | J97: 855.336 | K97: 907.23 | L97: 1340.388 | M97: 1440.598 | N97: 866.178 | O97: 1296.332 | P97: =SUM(D97:O97) -> 11494.208
A98: Wheat, excluding durum | B98: Exports | C98: 06-07 | D98: 1256.282 | E98: 1324.462 | F98: 1358.534 | G98: 1226.478 | H98: 1247.462 | I98: 894.63 | J98: 1017.052 | K98: 1029.12 | L98: 1199.298 | M98: 1302.562 | N98: 1408.052 | O98: 1327.688 | P98: =SUM(D98:O98) -> 14591.62
A99: Wheat, excluding durum | B99: Exports | C99: 07-08 | D99: 1284.764 | E99: 1275.328 | F99: 1198.408 | G99: 982.368 | H99: 845.644 | I99: 854.148 | J99: 812.04 | K99: 995.696 | L99: 1071.748 | M99: 1338.21 | N99: 878.194 | O99: 1089.474 | P99: =SUM(D99:O99) -> 12626.022
A100: Wheat, excluding durum | B100: Exports | C100: 08-09 | D100: 950.918 | E100: 1054.024 | F100: 1142.656 | G100: 1270.242 | H100: 1123.01 | I100: 1435.994 | J100: 1170.478 | K100: 1273.318 | L100: 1509.198 | M100: 1565.472 | N100: 1245.03 | O100: 1215.312 | P100: =SUM(D100:O100) -> 14955.652
A101: Wheat, excluding durum | B101: Exports | C101: 09-10 | D101: 1469.288 | E101: 1123.17 | F101: 1239.336 | G101: 1244.4 | H101: 967.658 | I101: 1326.686 | J101: 1179.858 | K101: 1368.798 | L101: 1388.4 | M101: 1716.994 | N101: 1510.97 | O101: 1340.948 | P101: =SUM(D101:O101) -> 15876.506
A102: Wheat, excluding durum | B102: Exports | C102: 10-11 | D102: 1127.824 | E102: 1044.008 | F102: 1242.1 | G102: 1047.298 | H102: 1221.992 | I102: 830.172 | J102: 765.952 | K102: 1120.886 | L102: 1267.722 | M102: 1326.548 | N102: 1345.554 | O102: 964.912 | P102: =SUM(D102:O102) -> 13304.968
A103: Wheat, excluding durum | B103: Exports | C103: 11-12 | D103: 1205.268 | E103: 1040.786 | F103: 1148.538 | G103: 1029.134 | H103: 1298.916 | I103: 967.217 | J103: 1109.288 | K103: 1326.39 | L103: 1484.231 | M103: 1422.112 | N103: 839.678 | O103: 844.53 | P103: =SUM(D103:O103) -> 13716.088
A104: Wheat, excluding durum | B104: Exports | C104: 12-13 | D104: 1270.791 | E104: 1190.805 | F104: 1105.744 | G104: 1074.88 | H104: 1319.481 | I104: 1298.535 | J104: 1101.571 | K104: 1250.516 | L104: 1320.83 | M104: 1439.526 | N104: 846.2 | O104: 1156.051 | P104: =SUM(D104:O104) -> 14374.93
A105: Wheat, excluding durum | B105: Exports | C105: 13-14 | D105: 1255.348 | E105: 1338.953 | F105: 1480.882 | G105: 1628.411 | H105: 1212.051 | I105: 1349.718 | J105: 1299.82 | K105: 1263.383 | L105: 1456.8 | M105: 2137.037 | N105: 1674.239 | O105: 1863.362 | P105: =SUM(D105:O105) -> 17960.004
... A208: Wheat, excluding durum | B208: Seed | C208: 24-25 | D208: 0 | E208: 0 | F208: 0 | G208: 0 | H208: 0 | I208: 0 | J208: 0 | K208: 0 | L208: 0 | M208: 0 | N208: 0 | O208: 0 | P208: =SUM(D208:O208) -> 0
A209: Wheat, excluding durum | B209: Food & Processing | C209: 02-03 | D209: =D140+D163 -> 233.03333 | E209: =E140+E163 -> 233.03333 | F209: =F140+F163 -> 233.03333 | G209: =G140+G163 -> 233.03333 | H209: =H140+H163 -> 233.03333 | I209: =I140+I163 -> 233.03333 | J209: =J140+J163 -> 233.03333 | K209: =K140+K163 -> 233.03333 | ... O209: =O140+O163 -> 233.03333 | P209: =SUM(D209:O209) -> 2796.4
A210: Wheat, excluding durum | B210: Food & Processing | C210: 03-04 | D210: =D141+D164 -> 231.25 | E210: =E141+E164 -> 231.25 | F210: =F141+F164 -> 231.25 | G210: =G141+G164 -> 231.25 | H210: =H141+H164 -> 231.25 | I210: =I141+I164 -> 231.25 | J210: =J141+J164 -> 231.25 | K210: =K141+K164 -> 231.25 | ... O210: =O141+O164 -> 231.25 | P210: =SUM(D210:O210) -> 2775
A211: Wheat, excluding durum | B211: Food & Processing | C211: 04-05 | D211: =D142+D165 -> 237.04167 | E211: =E142+E165 -> 237.04167 | F211: =F142+F165 -> 237.04167 | G211: =G142+G165 -> 237.04167 | H211: =H142+H165 -> 237.04167 | I211: =I142+I165 -> 237.04167 | J211: =J142+J165 -> 237.04167 | K211: =K142+K165 -> 237.04167 | ... O211: =O142+O165 -> 237.04167 | P211: =SUM(D211:O211) -> 2844.5
A212: Wheat, excluding durum | B212: Food & Processing | C212: 05-06 | D212: =D143+D166 -> 243.33333 | E212: =E143+E166 -> 243.33333 | F212: =F143+F166 -> 243.33333 | G212: =G143+G166 -> 243.33333 | H212: =H143+H166 -> 243.33333 | I212: =I143+I166 -> 243.33333 | J212: =J143+J166 -> 243.33333 | K212: =K143+K166 -> 243.33333 | ... O212: =O143+O166 -> 243.33333 | P212: =SUM(D212:O212) -> 2920
A213: Wheat, excluding durum | B213: Food & Processing | C213: 06-07 | D213: =D144+D167 -> 259.5 | E213: =E144+E167 -> 259.5 | F213: =F144+F167 -> 259.5 | G213: =G144+G167 -> 259.5 | H213: =H144+H167 -> 259.5 | I213: =I144+I167 -> 259.5 | J213: =J144+J167 -> 259.5 | K213: =K144+K167 -> 259.5 | ... O213: =O144+O167 -> 259.5 | P213: =SUM(D213:O213) -> 3114
A214: Wheat, excluding durum | B214: Food & Processing | C214: 07-08 | D214: =D145+D168 -> 251.85833 | E214: =E145+E168 -> 251.85833 | F214: =F145+F168 -> 251.85833 | G214: =G145+G168 -> 251.85833 | H214: =H145+H168 -> 251.85833 | I214: =I145+I168 -> 251.85833 | J214: =J145+J168 -> 251.85833 | K214: =K145+K168 -> 251.85833 | ... O214: =O145+O168 -> 251.85833 | P214: =SUM(D214:O214) -> 3022.3
A215: Wheat, excluding durum | B215: Food & Processing | C215: 08-09 | D215: =D146+D169 -> 262.93333 | E215: =E146+E169 -> 262.93333 | F215: =F146+F169 -> 262.93333 | G215: =G146+G169 -> 262.93333 | H215: =H146+H169 -> 262.93333 | I215: =I146+I169 -> 262.93333 | J215: =J146+J169 -> 262.93333 | K215: =K146+K169 -> 262.93333 | ... O215: =O146+O169 -> 262.93333 | P215: =SUM(D215:O215) -> 3155.2
A216: Wheat, excluding durum | B216: Food & Processing | C216: 09-10 | D216: =D147+D170 -> 274.9 | E216: =E147+E170 -> 274.9 | F216: =F147+F170 -> 274.9 | G216: =G147+G170 -> 274.9 | H216: =H147+H170 -> 274.9 | I216: =I147+I170 -> 274.9 | J216: =J147+J170 -> 274.9 | K216: =K147+K170 -> 274.9 | ... O216: =O147+O170 -> 274.9 | P216: =SUM(D216:O216) -> 3298.8
A217: Wheat, excluding durum | B217: Food & Processing | C217: 10-11 | D217: =D148+D171 -> 279.925 | E217: =E148+E171 -> 279.925 | F217: =F148+F171 -> 279.925 | G217: =G148+G171 -> 279.925 | H217: =H148+H171 -> 279.925 | I217: =I148+I171 -> 279.925 | J217: =J148+J171 -> 279.925 | K217: =K148+K171 -> 279.925 | ... O217: =O148+O171 -> 279.925 | P217: =SUM(D217:O217) -> 3359.1
A218: Wheat, excluding durum | B218: Food & Processing | C218: 11-12 | D218: =D149+D172 -> 294.95 | E218: =E149+E172 -> 294.95 | F218: =F149+F172 -> 294.95 | G218: =G149+G172 -> 294.95 | H218: =H149+H172 -> 294.95 | I218: =I149+I172 -> 294.95 | J218: =J149+J172 -> 294.95 | K218: =K149+K172 -> 294.95 | ... O218: =O149+O172 -> 294.95 | P218: =SUM(D218:O218) -> 3539.4
A219: Wheat, excluding durum | B219: Food & Processing | C219: 12-13 | D219: =D150+D173 -> 273.86667 | E219: =E150+E173 -> 273.86667 | F219: =F150+F173 -> 273.86667 | G219: =G150+G173 -> 273.86667 | H219: =H150+H173 -> 273.86667 | I219: =I150+I173 -> 273.86667 | J219: =J150+J173 -> 273.86667 | K219: =K150+K173 -> 273.86667 | ... O219: =O150+O173 -> 273.86667 | P219: =SUM(D219:O219) -> 3286.4
A220: Wheat, excluding durum | B220: Food & Processing | C220: 13-14 | D220: =D151+D174 -> 285.55833 | E220: =E151+E174 -> 285.55833 | F220: =F151+F174 -> 285.55833 | G220: =G151+G174 -> 285.55833 | H220: =H151+H174 -> 285.55833 | I220: =I151+I174 -> 285.55833 | J220: =J151+J174 -> 285.55833 | K220: =K151+K174 -> 285.55833 | ... O220: =O151+O174 -> 285.55833 | P220: =SUM(D220:O220) -> 3426.7
... A231: Wheat, excluding durum | B231: Food & Processing | C231: 24-25 | D231: =D162+D185 -> 275.04167 | E231: =E162+E185 -> 275.04167 | F231: =F162+F185 -> 275.04167 | G231: =G162+G185 -> 275.04167 | H231: =H162+H185 -> 275.04167 | I231: =I162+I185 -> 275.04167 | J231: =J162+J185 -> 275.04167 | K231: =K162+K185 -> 275.04167 | ... O231: =O162+O185 -> 275.04167 | P231: =SUM(D231:O231) -> 3300.5
A232: Wheat, excluding durum | B232: FSR | C232: 02-03 | D232: 371.86667 | E232: 371.86667 | F232: 371.86667 | G232: 371.86667 | H232: 371.86667 | I232: 371.86667 | J232: 371.86667 | K232: 371.86667 | L232: 371.86667 | M232: 371.86667 | N232: 371.86667 | O232: 371.86667 | P232: =SUM(D232:O232) -> 4462.4
A233: Wheat, excluding durum | B233: FSR | C233: 03-04 | D233: 326.64117 | E233: 326.64117 | F233: 326.64117 | G233: 326.64117 | H233: 326.64117 | I233: 326.64117 | J233: 326.64117 | K233: 326.64117 | L233: 326.64117 | M233: 326.64117 | N233: 326.64117 | O233: 326.64117 | P233: =SUM(D233:O233) -> 3919.694
A234: Wheat, excluding durum | B234: FSR | C234: 04-05 | D234: 383.999 | E234: 383.999 | F234: 383.999 | G234: 383.999 | H234: 383.999 | I234: 383.999 | J234: 383.999 | K234: 383.999 | L234: 383.999 | M234: 383.999 | N234: 383.999 | O234: 383.999 | P234: =SUM(D234:O234) -> 4607.988
A235: Wheat, excluding durum | B235: FSR | C235: 05-06 | D235: 371.08533 | E235: 371.08533 | F235: 371.08533 | G235: 371.08533 | H235: 371.08533 | I235: 371.08533 | J235: 371.08533 | K235: 371.08533 | L235: 371.08533 | M235: 371.08533 | N235: 371.08533 | O235: 371.08533 | P235: =SUM(D235:O235) -> 4453.024
A236: Wheat, excluding durum | B236: FSR | C236: 06-07 | D236: 421.18783 | E236: 421.18783 | F236: 421.18783 | G236: 421.18783 | H236: 421.18783 | I236: 421.18783 | J236: 421.18783 | K236: 421.18783 | L236: 421.18783 | M236: 421.18783 | N236: 421.18783 | O236: 421.18783 | P236: =SUM(D236:O236) -> 5054.254
A237: Wheat, excluding durum | B237: FSR | C237: 07-08 | D237: 235.99633 | E237: 235.99633 | F237: 235.99633 | G237: 235.99633 | H237: 235.99633 | I237: 235.99633 | J237: 235.99633 | K237: 235.99633 | L237: 235.99633 | M237: 235.99633 | N237: 235.99633 | O237: 235.99633 | P237: =SUM(D237:O237) -> 2831.956
A238: Wheat, excluding durum | B238: FSR | C238: 08-09 | D238: 327.3185 | E238: 327.3185 | F238: 327.3185 | G238: 327.3185 | H238: 327.3185 | I238: 327.3185 | J238: 327.3185 | K238: 327.3185 | L238: 327.3185 | M238: 327.3185 | N238: 327.3185 | O238: 327.3185 | P238: =SUM(D238:O238) -> 3927.822
A239: Wheat, excluding durum | B239: FSR | C239: 09-10 | D239: 173.55533 | E239: 173.55533 | F239: 173.55533 | G239: 173.55533 | H239: 173.55533 | I239: 173.55533 | J239: 173.55533 | K239: 173.55533 | L239: 173.55533 | M239: 173.55533 | N239: 173.55533 | O239: 173.55533 | P239: =SUM(D239:O239) -> 2082.664
A240: Wheat, excluding durum | B240: FSR | C240: 10-11 | D240: 241.47117 | E240: 241.47117 | F240: 241.47117 | G240: 241.47117 | H240: 241.47117 | I240: 241.47117 | J240: 241.47117 | K240: 241.47117 | L240: 241.47117 | M240: 241.47117 | N240: 241.47117 | O240: 241.47117 | P240: =SUM(D240:O240) -> 2897.654
A241: Wheat, excluding durum | B241: FSR | C241: 11-12 | D241: 439.11008 | E241: 439.11008 | F241: 439.11008 | G241: 439.11008 | H241: 439.11008 | I241: 439.11008 | J241: 439.11008 | K241: 439.11008 | L241: 439.11008 | M241: 439.11008 | N241: 439.11008 | O241: 439.11008 | P241: =SUM(D241:O241) -> 5269.321
A242: Wheat, excluding durum | B242: FSR | C242: 12-13 | D242: 454.72575 | E242: 454.72575 | F242: 454.72575 | G242: 454.72575 | H242: 454.72575 | I242: 454.72575 | J242: 454.72575 | K242: 454.72575 | L242: 454.72575 | M242: 454.72575 | N242: 454.72575 | O242: 454.72575 | P242: =SUM(D242:O242) -> 5456.709
A243: Wheat, excluding durum | B243: FSR | C243: 13-14 | D243: 422.88167 | E243: 422.88167 | F243: 422.88167 | G243: 422.88167 | H243: 422.88167 | I243: 422.88167 | J243: 422.88167 | K243: 422.88167 | L243: 422.88167 | M243: 422.88167 | N243: 422.88167 | O243: 422.88167 | P243: =SUM(D243:O243) -> 5074.58
... A254: Wheat, excluding durum | B254: FSR | C254: 24-25 | D254: 336.8115 | E254: 336.8115 | F254: 336.8115 | G254: 336.8115 | H254: 336.8115 | I254: 336.8115 | J254: 336.8115 | K254: 336.8115 | L254: 336.8115 | M254: 336.8115 | N254: 336.8115 | O254: 336.8115 | P254: =SUM(D254:O254) -> 4041.738
A255: Wheat, excluding durum | B255: STOCKS | C255: 02-03 | D255: =5184.5+D71+D117-D94-D209-D232-D186 -> 15963.286 | E255: =D255+E71+E117-E94-E209-E232-E186 -> 14901.214 | F255: =E255+F71+F117-F94-F209-F232-F186 -> 13650.742 | G255: =F255+G71+G117-G94-G209-G232-G186 -> 12670.338 | H255: =G255+H71+H117-H94-H209-H232-H186 -> 11697.644 | I255: =H255+I71+I117-I94-I209-I232-I186 -> 10827.474 | J255: =I255+J71+J117-J94-J209-J232-J186 -> 9871.37 | K255: =J255+K71+K117-K94-K209-K232-K186 -> 8871.796 | L255: =K255+L71+L117-L94-L209-L232-L186 -> 7816.15 | ... O255: =N255+O71+O117-O94-O209-O232-O186 -> 4106.5 | P255: =O255 -> 4106.5
A256: Wheat, excluding durum | B256: STOCKS | C256: 03-04 | D256: =O255+D72+D118-D95-D210-D233-D187 -> 21686.075 | E256: =D256+E72+E118-E95-E210-E233-E187 -> 20039.016 | F256: =E256+F72+F118-F95-F210-F233-F187 -> 18282.566 | G256: =F256+G72+G118-G95-G210-G233-G187 -> 16771.999 | H256: =G256+H72+H118-H95-H210-H233-H187 -> 15142.876 | I256: =H256+I72+I118-I95-I210-I233-I187 -> 13797.931 | J256: =I256+J72+J118-J95-J210-J233-J187 -> 12522.38 | K256: =J256+K72+K118-K95-K210-K233-K187 -> 11066.929 | L256: =K256+L72+L118-L95-L210-L233-L187 -> 9518.2515 | ... O256: =N256+O72+O118-O95-O210-O233-O187 -> 4211.1 | P256: =O256 -> 4211.1
A257: Wheat, excluding durum | B257: STOCKS | C257: 04-05 | D257: =O256+D73+D119-D96-D211-D234-D188 -> 22363.601 | E257: =D257+E73+E119-E96-E211-E234-E188 -> 20971.515 | F257: =E257+F73+F119-F96-F211-F234-F188 -> 19686.418 | G257: =F257+G73+G119-G96-G211-G234-G188 -> 18028.769 | H257: =G257+H73+H119-H96-H211-H234-H188 -> 16249.667 | I257: =H257+I73+I119-I96-I211-I234-I188 -> 14683.648 | J257: =I257+J73+J119-J96-J211-J234-J188 -> 12995.995 | K257: =J257+K73+K119-K96-K211-K234-K188 -> 11433.701 | L257: =K257+L73+L119-L96-L211-L234-L188 -> 9938.998 | ... O257: =N257+O73+O119-O96-O211-O234-O188 -> 5435.1 | P257: =O257 -> 5435.1
A258: Wheat, excluding durum | B258: STOCKS | C258: 05-06 | D258: =O257+D74+D120-D97-D212-D235-D189 -> 23875.085 | E258: =D258+E74+E120-E97-E212-E235-E189 -> 22512.885 | F258: =E258+F74+F120-F97-F212-F235-F189 -> 20986.944 | G258: =F258+G74+G120-G97-G212-G235-G189 -> 19552.969 | H258: =G258+H74+H120-H97-H212-H235-H189 -> 18233.679 | I258: =H258+I74+I120-I97-I212-I235-I189 -> 16807.892 | J258: =I258+J74+J120-J97-J212-J235-J189 -> 15339.245 | K258: =J258+K74+K120-K97-K212-K235-K189 -> 13818.859 | L258: =K258+L74+L120-L97-L212-L235-L189 -> 11865.044 | ... O258: =N258+O74+O120-O97-O212-O235-O189 -> 6424.1 | P258: =O258 -> 6424.1
A259: Wheat, excluding durum | B259: STOCKS | C259: 06-07 | D259: =O258+D75+D121-D98-D213-D236-D190 -> 26410.814 | E259: =D259+E75+E121-E98-E213-E236-E190 -> 24410.1 | F259: =E259+F75+F121-F98-F213-F236-F190 -> 22372.837 | G259: =F259+G75+G121-G98-G213-G236-G190 -> 20466.653 | H259: =G259+H75+H121-H98-H213-H236-H190 -> 18539.529 | I259: =H259+I75+I121-I98-I213-I236-I190 -> 16966.193 | J259: =I259+J75+J121-J98-J213-J236-J190 -> 15270.027 | K259: =J259+K75+K121-K98-K213-K236-K190 -> 13561.525 | L259: =K259+L75+L121-L98-L213-L236-L190 -> 11683.046 | ... O259: =N259+O75+O121-O98-O213-O236-O190 -> 5608.2 | P259: =O259 -> 5608.2
A260: Wheat, excluding durum | B260: STOCKS | C260: 07-08 | D260: =O259+D76+D122-D99-D214-D237-D191 -> 20245.991 | E260: =D260+E76+E122-E99-E214-E237-E191 -> 18487.063 | F260: =E260+F76+F122-F99-F214-F237-F191 -> 16802.834 | G260: =F260+G76+G122-G99-G214-G237-G191 -> 15334.577 | H260: =G260+H76+H122-H99-H214-H237-H191 -> 14002.305 | I260: =H260+I76+I122-I99-I214-I237-I191 -> 12661.612 | J260: =I260+J76+J122-J99-J214-J237-J191 -> 11362.681 | K260: =J260+K76+K122-K99-K214-K237-K191 -> 9881.0287 | L260: =K260+L76+L122-L99-L214-L237-L191 -> 8323.048 | ... O260: =N260+O76+O122-O99-O214-O237-O191 -> 3557.4 | P260: =O260 -> 3557.4
A261: Wheat, excluding durum | B261: STOCKS | C261: 08-09 | D261: =O260+D77+D123-D100-D215-D238-D192 -> 25119.304 | E261: =D261+E77+E123-E100-E215-E238-E192 -> 23478.61 | F261: =E261+F77+F123-F100-F215-F238-F192 -> 21747.498 | G261: =F261+G77+G123-G100-G215-G238-G192 -> 19888.223 | H261: =G261+H77+H123-H100-H215-H238-H192 -> 18175.823 | I261: =H261+I77+I123-I100-I215-I238-I192 -> 16150.135 | J261: =I261+J77+J123-J100-J215-J238-J192 -> 14390.343 | K261: =J261+K77+K123-K100-K215-K238-K192 -> 12527.923 | L261: =K261+L77+L123-L100-L215-L238-L192 -> 10431.831 | ... O261: =N261+O77+O123-O100-O215-O238-O192 -> 4641.7 | P261: =O261 -> 4641.7
A262: Wheat, excluding durum | B262: STOCKS | C262: 09-10 | D262: =O261+D78+D124-D101-D216-D239-D193 -> 24305.497 | E262: =D262+E78+E124-E101-E216-E239-E193 -> 22756.169 | F262: =E262+F78+F124-F101-F216-F239-F193 -> 21084.306 | G262: =F262+G78+G124-G101-G216-G239-G193 -> 19408.139 | H262: =G262+H78+H124-H101-H216-H239-H193 -> 17996.575 | I262: =H262+I78+I124-I101-I216-I239-I193 -> 16224.97 | J262: =I262+J78+J124-J101-J216-J239-J193 -> 14599.883 | K262: =J262+K78+K124-K101-K216-K239-K193 -> 12786.125 | L262: =K262+L78+L124-L101-L216-L239-L193 -> 10952.188 | ... O262: =N262+O78+O124-O101-O216-O239-O193 -> 5049 | P262: =O262 -> 5049
A263: Wheat, excluding durum | B263: STOCKS | C263: 10-11 | D263: =O262+D79+D125-D102-D217-D240-D194 -> 23676.564 | E263: =D263+E79+E125-E102-E217-E240-E194 -> 22114.68 | F263: =E263+F79+F125-F102-F217-F240-F194 -> 20351.987 | G263: =F263+G79+G125-G102-G217-G240-G194 -> 18784.357 | H263: =G263+H79+H125-H102-H217-H240-H194 -> 17042.465 | I263: =H263+I79+I125-I102-I217-I240-I194 -> 15692.939 | J263: =I263+J79+J125-J102-J217-J240-J194 -> 14407.169 | K263: =J263+K79+K125-K102-K217-K240-K194 -> 12766.755 | L263: =K263+L79+L125-L102-L217-L240-L194 -> 10980.06 | ... O263: =N263+O79+O125-O102-O217-O240-O194 -> 5793.7 | P263: =O263 -> 5793.7
A264: Wheat, excluding durum | B264: STOCKS | C264: 11-12 | D264: =O263+D80+D126-D103-D218-D241-D195 -> 24973.138 | E264: =D264+E80+E126-E103-E218-E241-E195 -> 23201.874 | F264: =E264+F80+F126-F103-F218-F241-F195 -> 21320.87 | G264: =F264+G80+G126-G103-G218-G241-G195 -> 19563.7 | H264: =G264+H80+H126-H103-H218-H241-H195 -> 17532.372 | I264: =H264+I80+I126-I103-I218-I241-I195 -> 15832.604 | J264: =I264+J80+J126-J103-J218-J241-J195 -> 14002.435 | K264: =J264+K80+K126-K103-K218-K241-K195 -> 11953.756 | L264: =K264+L80+L126-L103-L218-L241-L195 -> 9738.8002 | ... O264: =N264+O80+O126-O103-O218-O241-O195 -> 4445.9 | P264: =O264 -> 4445.9
A265: Wheat, excluding durum | B265: STOCKS | C265: 12-13 | D265: =O264+D81+D127-D104-D219-D242-D196 -> 25068.36 | E265: =D265+E81+E127-E104-E219-E242-E196 -> 23151.904 | F265: =E265+F81+F127-F104-F219-F242-F196 -> 21320.372 | G265: =F265+G81+G127-G104-G219-G242-G196 -> 19518.853 | H265: =G265+H81+H127-H104-H219-H242-H196 -> 17472.203 | I265: =H265+I81+I127-I104-I219-I242-I196 -> 15446.829 | J265: =I265+J81+J127-J104-J219-J242-J196 -> 13618.183 | K265: =J265+K81+K127-K104-K219-K242-K196 -> 11640.723 | L265: =K265+L81+L127-L104-L219-L242-L196 -> 9593.3332 | ... O265: =N265+O81+O127-O104-O219-O242-O196 -> 3985.3 | P265: =O265 -> 3985.3
A266: Wheat, excluding durum | B266: STOCKS | C266: 13-14 | D266: =O265+D82+D128-D105-D220-D243-D197 -> 33108.849 | E266: =D266+E82+E128-E105-E220-E243-E197 -> 31065.164 | F266: =E266+F82+F128-F105-F220-F243-F197 -> 28877.742 | G266: =F266+G82+G128-G105-G220-G243-G197 -> 26542.564 | H266: =G266+H82+H128-H105-H220-H243-H197 -> 24629.234 | I266: =H266+I82+I128-I105-I220-I243-I197 -> 22572.753 | J266: =I266+J82+J128-J105-J220-J243-J197 -> 20566.444 | K266: =J266+K82+K128-K105-K220-K243-K197 -> 18600.008 | L266: =K266+L82+L128-L105-L220-L243-L197 -> 16444.901 | ... O266: =N266+O82+O128-O105-O220-O243-O197 -> 8658.6 | P266: =O266 -> 8658.6
A267: Wheat, excluding durum | B267: STOCKS | C267: 14-15 | D267: =O266+D83+D129-D106-D221-D244-D198 -> 30065.519 | E267: =D267+E83+E129-E106-E221-E244-E198 -> 27817.059 | F267: =E267+F83+F129-F106-F221-F244-F198 -> 25564.015 | G267: =F267+G83+G129-G106-G221-G244-G198 -> 23544.714 | H267: =G267+H83+H129-H106-H221-H244-H198 -> 22025.735 | I267: =H267+I83+I129-I106-I221-I244-I198 -> 19836.655 | J267: =I267+J83+J129-J106-J221-J244-J198 -> 18011.498 | K267: =J267+K83+K129-K106-K221-K244-K198 -> 15715.078 | L267: =K267+L83+L129-L106-L221-L244-L198 -> 13914.665 | ... O267: =N267+O83+O129-O106-O221-O244-O198 -> 6124.5 | P267: =O267 -> 6124.5
... A277: Wheat, excluding durum | B277: STOCKS | C277: 24-25 | D277: =O276+D93+D139-D116-D231-D254-D208 -> 32204.968 | E277: =D277+E93+E139-E116-E231-E254-E208 -> 30060.882 | F277: =E277+F93+F139-F116-F231-F254-F208 -> 27317.042 | G277: =F277+G93+G139-G116-G231-G254-G208 -> 24815.166 | H277: =G277+H93+H139-H116-H231-H254-H208 -> 22300.178 | I277: =H277+I93+I139-I116-I231-I254-I208 -> 19767.208 | J277: =I277+J93+J139-J116-J231-J254-J208 -> 17681.365 | K277: =J277+K93+K139-K116-K231-K254-K208 -> 14908.905 | L277: =K277+L93+L139-L116-L231-L254-L208 -> 12208.852 | ... O277: =N277+O93+O139-O116-O231-O254-O208 -> 3728 | P277: =O277 -> 3728

Sheet Wheat_Yr
A1: Wheat Ex-Durum
A2: Commodity | B2: Metric | C2: Unit | D2: 02-03 | E2: 03-04 | F2: 04-05 | G2: 05-06 | H2: 06-07 | I2: 07-08 | J2: 08-09 | K2: 09-10 | L2: 10-11 | M2: 11-12 | N2: 12-13 | O2: 13-14 | P2: 14-15 | Q2: 15-16 | R2: 16-17 | S2: 17-18 | T2: 18-19 | U2: 19-20 | V2: 20-21 | W2: 21-22 | X2: 22-23 | Y2: 23-24 | Z2: 24-25
A3: Wheat Ex-Durum | B3: Planted Area | C3: MLN AC | D3: =SUMIFS(Wheat_Mo!$P:$P,Wheat_Mo!$B:$B,"Planted Area",Wheat_Mo!$C:$C,RIGHT(D$2,5)) -> 19.5012 | E3: =SUMIFS(Wheat_Mo!$P:$P,Wheat_Mo!$B:$B,"Planted Area",Wheat_Mo!$C:$C,RIGHT(E$2,5)) -> 19.7719 | F3: =SUMIFS(Wheat_Mo!$P:$P,Wheat_Mo!$B:$B,"Planted Area",Wheat_Mo!$C:$C,RIGHT(F$2,5)) -> 19.1433 | G3: =SUMIFS(Wheat_Mo!$P:$P,Wheat_Mo!$B:$B,"Planted Area",Wheat_Mo!$C:$C,RIGHT(G$2,5)) -> 18.1559 | H3: =SUMIFS(Wheat_Mo!$P:$P,Wheat_Mo!$B:$B,"Planted Area",Wheat_Mo!$C:$C,RIGHT(H$2,5)) -> 20.549875 | I3: =SUMIFS(Wheat_Mo!$P:$P,Wheat_Mo!$B:$B,"Planted Area",Wheat_Mo!$C:$C,RIGHT(I$2,5)) -> 16.9631 | J3: =SUMIFS(Wheat_Mo!$P:$P,Wheat_Mo!$B:$B,"Planted Area",Wheat_Mo!$C:$C,RIGHT(J$2,5)) -> 19.111 | K3: =SUMIFS(Wheat_Mo!$P:$P,Wheat_Mo!$B:$B,"Planted Area",Wheat_Mo!$C:$C,RIGHT(K$2,5)) -> 19.2571 | ... Z3: =SUMIFS(Wheat_Mo!$P:$P,Wheat_Mo!$B:$B,"Planted Area",Wheat_Mo!$C:$C,RIGHT(Z$2,5)) -> 20.4091
A4: Wheat Ex-Durum | B4: Harvested Area | C4: MLN AC | D4: =SUMIFS(Wheat_Mo!$P:$P,Wheat_Mo!$B:$B,"Harvested Area",Wheat_Mo!$C:$C,RIGHT(D$2,5)) -> 15.9745 | E4: =SUMIFS(Wheat_Mo!$P:$P,Wheat_Mo!$B:$B,"Harvested Area",Wheat_Mo!$C:$C,RIGHT(E$2,5)) -> 19.3261 | F4: =SUMIFS(Wheat_Mo!$P:$P,Wheat_Mo!$B:$B,"Harvested Area",Wheat_Mo!$C:$C,RIGHT(F$2,5)) -> 18.1311 | G4: =SUMIFS(Wheat_Mo!$P:$P,Wheat_Mo!$B:$B,"Harvested Area",Wheat_Mo!$C:$C,RIGHT(G$2,5)) -> 17.6074 | H4: =SUMIFS(Wheat_Mo!$P:$P,Wheat_Mo!$B:$B,"Harvested Area",Wheat_Mo!$C:$C,RIGHT(H$2,5)) -> 20.1745 | I4: =SUMIFS(Wheat_Mo!$P:$P,Wheat_Mo!$B:$B,"Harvested Area",Wheat_Mo!$C:$C,RIGHT(I$2,5)) -> 16.5812 | J4: =SUMIFS(Wheat_Mo!$P:$P,Wheat_Mo!$B:$B,"Harvested Area",Wheat_Mo!$C:$C,RIGHT(J$2,5)) -> 18.779 | K4: =SUMIFS(Wheat_Mo!$P:$P,Wheat_Mo!$B:$B,"Harvested Area",Wheat_Mo!$C:$C,RIGHT(K$2,5)) -> 18.3619 | ... Z4: =SUMIFS(Wheat_Mo!$P:$P,Wheat_Mo!$B:$B,"Harvested Area",Wheat_Mo!$C:$C,RIGHT(Z$2,5)) -> 19.9824
A5: Wheat Ex-Durum | B5: Proportion Harvested | C5: % | D5: =IF(D3<>0,D4/D3,"") -> 0.81915472 | E5: =IF(E3<>0,E4/E3,"") -> 0.97745285 | F5: =IF(F3<>0,F4/F3,"") -> 0.9471251 | G5: =IF(G3<>0,G4/G3,"") -> 0.96978943 | H5: =IF(H3<>0,H4/H3,"") -> 0.98173347 | I5: =IF(I3<>0,I4/I3,"") -> 0.97748643 | J5: =IF(J3<>0,J4/J3,"") -> 0.98262781 | K5: =IF(K3<>0,K4/K3,"") -> 0.95351325 | ... Z5: =IF(Z3<>0,Z4/Z3,"") -> 0.97909266
A6: Wheat Ex-Durum | B6: Yield | C6: BU/AC | D6: =SUMIFS(Wheat_Mo!$P:$P,Wheat_Mo!$B:$B,"Yield",Wheat_Mo!$C:$C,RIGHT(D$2,5)) -> 27.795898 | E6: =SUMIFS(Wheat_Mo!$P:$P,Wheat_Mo!$B:$B,"Yield",Wheat_Mo!$C:$C,RIGHT(E$2,5)) -> 35.8138 | F6: =SUMIFS(Wheat_Mo!$P:$P,Wheat_Mo!$B:$B,"Yield",Wheat_Mo!$C:$C,RIGHT(F$2,5)) -> 40.519175 | G6: =SUMIFS(Wheat_Mo!$P:$P,Wheat_Mo!$B:$B,"Yield",Wheat_Mo!$C:$C,RIGHT(G$2,5)) -> 41.389199 | H6: =SUMIFS(Wheat_Mo!$P:$P,Wheat_Mo!$B:$B,"Yield",Wheat_Mo!$C:$C,RIGHT(H$2,5)) -> 39.921312 | I6: =SUMIFS(Wheat_Mo!$P:$P,Wheat_Mo!$B:$B,"Yield",Wheat_Mo!$C:$C,RIGHT(I$2,5)) -> 36.362107 | J6: =SUMIFS(Wheat_Mo!$P:$P,Wheat_Mo!$B:$B,"Yield",Wheat_Mo!$C:$C,RIGHT(J$2,5)) -> 45.198136 | K6: =SUMIFS(Wheat_Mo!$P:$P,Wheat_Mo!$B:$B,"Yield",Wheat_Mo!$C:$C,RIGHT(K$2,5)) -> 43.123955 | ... Z6: =SUMIFS(Wheat_Mo!$P:$P,Wheat_Mo!$B:$B,"Yield",Wheat_Mo!$C:$C,RIGHT(Z$2,5)) -> 54.352263
A8: Wheat Ex-Durum | B8: Beginning Stocks | C8: KMT | D8: =SUMIFS(Wheat_Mo!$D:$D,Wheat_Mo!$B:$B,"STOCKS",Wheat_Mo!$C:$C,RIGHT(D$2,5))-SUMIFS(Wheat_Mo!$D:$D,Wheat_Mo!$B:$B,"Production",Wheat_Mo!$C:$C,RIGHT(D$2,5))-SUMIFS(Wheat_Mo!$D:$D,Wheat_Mo!$B:$B,"Imports",Wheat_Mo!$C:$C,RIGHT(D$2,5))+SUMIFS(Wheat_Mo!$D:$D,Wheat_Mo!$B:$B,"Exports",Wheat_Mo!$C:$C,RIGHT(D$2,5))+SUMIFS(Wheat_Mo!$D:$D,Wheat_Mo!$B:$B,"Food & Processing",Wheat_Mo!$C:$C,RIGHT(D$2,5))+SUMIFS(Wheat_Mo!$D:$D,Wheat_Mo!$B:$B,"FSR",Wheat_Mo!$C:$C,RIGHT(D$2,5))+SUMIFS(Wheat_Mo!$D:$D,Wheat_Mo!$B:$B,"Seed",Wheat_Mo!$C:$C,RIGHT(D$2,5)) -> 5184.5 | E8: =D19 -> 4106.5 | F8: =E19 -> 4211.1 | G8: =F19 -> 5435.1 | H8: =G19 -> 6424.1 | I8: =H19 -> 5608.2 | J8: =I19 -> 3557.4 | K8: =J19 -> 4641.7 | L8: =K19 -> 5049 | ... Z8: =Y19 -> 4640.5
A9: Wheat Ex-Durum | B9: Imports | C9: KMT | D9: =SUMIFS(Wheat_Mo!$P:$P,Wheat_Mo!$B:$B,"Imports",Wheat_Mo!$C:$C,RIGHT(D$2,5)) -> 172.652 | E9: =SUMIFS(Wheat_Mo!$P:$P,Wheat_Mo!$B:$B,"Imports",Wheat_Mo!$C:$C,RIGHT(E$2,5)) -> 16.312 | F9: =SUMIFS(Wheat_Mo!$P:$P,Wheat_Mo!$B:$B,"Imports",Wheat_Mo!$C:$C,RIGHT(F$2,5)) -> 13.274 | G9: =SUMIFS(Wheat_Mo!$P:$P,Wheat_Mo!$B:$B,"Imports",Wheat_Mo!$C:$C,RIGHT(G$2,5)) -> 22.732 | H9: =SUMIFS(Wheat_Mo!$P:$P,Wheat_Mo!$B:$B,"Imports",Wheat_Mo!$C:$C,RIGHT(H$2,5)) -> 24.774 | I9: =SUMIFS(Wheat_Mo!$P:$P,Wheat_Mo!$B:$B,"Imports",Wheat_Mo!$C:$C,RIGHT(I$2,5)) -> 20.478 | J9: =SUMIFS(Wheat_Mo!$P:$P,Wheat_Mo!$B:$B,"Imports",Wheat_Mo!$C:$C,RIGHT(J$2,5)) -> 23.074 | K9: =SUMIFS(Wheat_Mo!$P:$P,Wheat_Mo!$B:$B,"Imports",Wheat_Mo!$C:$C,RIGHT(K$2,5)) -> 114.97 | ... Z9: =SUMIFS(Wheat_Mo!$P:$P,Wheat_Mo!$B:$B,"Imports",Wheat_Mo!$C:$C,RIGHT(Z$2,5)) -> 80.139
A10: Wheat Ex-Durum | B10: Production | C10: KMT | D10: =SUMIFS(Wheat_Mo!$P:$P,Wheat_Mo!$B:$B,"Production",Wheat_Mo!$C:$C,RIGHT(D$2,5)) -> 12084.4 | E10: =SUMIFS(Wheat_Mo!$P:$P,Wheat_Mo!$B:$B,"Production",Wheat_Mo!$C:$C,RIGHT(E$2,5)) -> 18837 | F10: =SUMIFS(Wheat_Mo!$P:$P,Wheat_Mo!$B:$B,"Production",Wheat_Mo!$C:$C,RIGHT(F$2,5)) -> 19994.1 | G10: =SUMIFS(Wheat_Mo!$P:$P,Wheat_Mo!$B:$B,"Production",Wheat_Mo!$C:$C,RIGHT(G$2,5)) -> 19833.5 | H10: =SUMIFS(Wheat_Mo!$P:$P,Wheat_Mo!$B:$B,"Production",Wheat_Mo!$C:$C,RIGHT(H$2,5)) -> 21919.2 | I10: =SUMIFS(Wheat_Mo!$P:$P,Wheat_Mo!$B:$B,"Production",Wheat_Mo!$C:$C,RIGHT(I$2,5)) -> 16409 | J10: =SUMIFS(Wheat_Mo!$P:$P,Wheat_Mo!$B:$B,"Production",Wheat_Mo!$C:$C,RIGHT(J$2,5)) -> 23099.9 | K10: =SUMIFS(Wheat_Mo!$P:$P,Wheat_Mo!$B:$B,"Production",Wheat_Mo!$C:$C,RIGHT(K$2,5)) -> 21550.3 | ... Z10: =SUMIFS(Wheat_Mo!$P:$P,Wheat_Mo!$B:$B,"Production",Wheat_Mo!$C:$C,RIGHT(Z$2,5)) -> 29558.5
A11: Wheat Ex-Durum | B11: Total Supply | C11: KMT | D11: =D8+D9+D10 -> 17441.552 | E11: =E8+E9+E10 -> 22959.812 | F11: =F8+F9+F10 -> 24218.474 | G11: =G8+G9+G10 -> 25291.332 | H11: =H8+H9+H10 -> 28368.074 | I11: =I8+I9+I10 -> 22037.678 | J11: =J8+J9+J10 -> 26680.374 | K11: =K8+K9+K10 -> 26306.97 | ... Z11: =Z8+Z9+Z10 -> 34279.139
A13: Wheat Ex-Durum | B13: Food | C13: KMT | D13: =SUMIFS(Wheat_Mo!$P:$P,Wheat_Mo!$B:$B,"Food",Wheat_Mo!$C:$C,RIGHT(D$2,5)) -> 2687.4 | E13: =SUMIFS(Wheat_Mo!$P:$P,Wheat_Mo!$B:$B,"Food",Wheat_Mo!$C:$C,RIGHT(E$2,5)) -> 2656 | F13: =SUMIFS(Wheat_Mo!$P:$P,Wheat_Mo!$B:$B,"Food",Wheat_Mo!$C:$C,RIGHT(F$2,5)) -> 2710.5 | G13: =SUMIFS(Wheat_Mo!$P:$P,Wheat_Mo!$B:$B,"Food",Wheat_Mo!$C:$C,RIGHT(G$2,5)) -> 2742 | H13: =SUMIFS(Wheat_Mo!$P:$P,Wheat_Mo!$B:$B,"Food",Wheat_Mo!$C:$C,RIGHT(H$2,5)) -> 2703 | I13: =SUMIFS(Wheat_Mo!$P:$P,Wheat_Mo!$B:$B,"Food",Wheat_Mo!$C:$C,RIGHT(I$2,5)) -> 2628.3 | J13: =SUMIFS(Wheat_Mo!$P:$P,Wheat_Mo!$B:$B,"Food",Wheat_Mo!$C:$C,RIGHT(J$2,5)) -> 2509.2 | K13: =SUMIFS(Wheat_Mo!$P:$P,Wheat_Mo!$B:$B,"Food",Wheat_Mo!$C:$C,RIGHT(K$2,5)) -> 2569.8 | ... Z13: =SUMIFS(Wheat_Mo!$P:$P,Wheat_Mo!$B:$B,"Food",Wheat_Mo!$C:$C,RIGHT(Z$2,5)) -> 2944.5
A14: Wheat Ex-Durum | B14: Industrial | C14: KMT | D14: =SUMIFS(Wheat_Mo!$P:$P,Wheat_Mo!$B:$B,"Industrial",Wheat_Mo!$C:$C,RIGHT(D$2,5)) -> 109 | E14: =SUMIFS(Wheat_Mo!$P:$P,Wheat_Mo!$B:$B,"Industrial",Wheat_Mo!$C:$C,RIGHT(E$2,5)) -> 119 | F14: =SUMIFS(Wheat_Mo!$P:$P,Wheat_Mo!$B:$B,"Industrial",Wheat_Mo!$C:$C,RIGHT(F$2,5)) -> 134 | G14: =SUMIFS(Wheat_Mo!$P:$P,Wheat_Mo!$B:$B,"Industrial",Wheat_Mo!$C:$C,RIGHT(G$2,5)) -> 178 | H14: =SUMIFS(Wheat_Mo!$P:$P,Wheat_Mo!$B:$B,"Industrial",Wheat_Mo!$C:$C,RIGHT(H$2,5)) -> 411 | I14: =SUMIFS(Wheat_Mo!$P:$P,Wheat_Mo!$B:$B,"Industrial",Wheat_Mo!$C:$C,RIGHT(I$2,5)) -> 394 | J14: =SUMIFS(Wheat_Mo!$P:$P,Wheat_Mo!$B:$B,"Industrial",Wheat_Mo!$C:$C,RIGHT(J$2,5)) -> 646 | K14: =SUMIFS(Wheat_Mo!$P:$P,Wheat_Mo!$B:$B,"Industrial",Wheat_Mo!$C:$C,RIGHT(K$2,5)) -> 729 | ... Z14: =SUMIFS(Wheat_Mo!$P:$P,Wheat_Mo!$B:$B,"Industrial",Wheat_Mo!$C:$C,RIGHT(Z$2,5)) -> 356
A15: Wheat Ex-Durum | B15: FSR | C15: KMT | D15: =SUMIFS(Wheat_Mo!$P:$P,Wheat_Mo!$B:$B,"FSR",Wheat_Mo!$C:$C,RIGHT(D$2,5))+SUMIFS(Wheat_Mo!$P:$P,Wheat_Mo!$B:$B,"Seed",Wheat_Mo!$C:$C,RIGHT(D$2,5)) -> 4462.4 | E15: =SUMIFS(Wheat_Mo!$P:$P,Wheat_Mo!$B:$B,"FSR",Wheat_Mo!$C:$C,RIGHT(E$2,5))+SUMIFS(Wheat_Mo!$P:$P,Wheat_Mo!$B:$B,"Seed",Wheat_Mo!$C:$C,RIGHT(E$2,5)) -> 3919.694 | F15: =SUMIFS(Wheat_Mo!$P:$P,Wheat_Mo!$B:$B,"FSR",Wheat_Mo!$C:$C,RIGHT(F$2,5))+SUMIFS(Wheat_Mo!$P:$P,Wheat_Mo!$B:$B,"Seed",Wheat_Mo!$C:$C,RIGHT(F$2,5)) -> 4607.988 | G15: =SUMIFS(Wheat_Mo!$P:$P,Wheat_Mo!$B:$B,"FSR",Wheat_Mo!$C:$C,RIGHT(G$2,5))+SUMIFS(Wheat_Mo!$P:$P,Wheat_Mo!$B:$B,"Seed",Wheat_Mo!$C:$C,RIGHT(G$2,5)) -> 4453.024 | H15: =SUMIFS(Wheat_Mo!$P:$P,Wheat_Mo!$B:$B,"FSR",Wheat_Mo!$C:$C,RIGHT(H$2,5))+SUMIFS(Wheat_Mo!$P:$P,Wheat_Mo!$B:$B,"Seed",Wheat_Mo!$C:$C,RIGHT(H$2,5)) -> 5054.254 | I15: =SUMIFS(Wheat_Mo!$P:$P,Wheat_Mo!$B:$B,"FSR",Wheat_Mo!$C:$C,RIGHT(I$2,5))+SUMIFS(Wheat_Mo!$P:$P,Wheat_Mo!$B:$B,"Seed",Wheat_Mo!$C:$C,RIGHT(I$2,5)) -> 2831.956 | J15: =SUMIFS(Wheat_Mo!$P:$P,Wheat_Mo!$B:$B,"FSR",Wheat_Mo!$C:$C,RIGHT(J$2,5))+SUMIFS(Wheat_Mo!$P:$P,Wheat_Mo!$B:$B,"Seed",Wheat_Mo!$C:$C,RIGHT(J$2,5)) -> 3927.822 | K15: =SUMIFS(Wheat_Mo!$P:$P,Wheat_Mo!$B:$B,"FSR",Wheat_Mo!$C:$C,RIGHT(K$2,5))+SUMIFS(Wheat_Mo!$P:$P,Wheat_Mo!$B:$B,"Seed",Wheat_Mo!$C:$C,RIGHT(K$2,5)) -> 2082.664 | ... Z15: =SUMIFS(Wheat_Mo!$P:$P,Wheat_Mo!$B:$B,"FSR",Wheat_Mo!$C:$C,RIGHT(Z$2,5))+SUMIFS(Wheat_Mo!$P:$P,Wheat_Mo!$B:$B,"Seed",Wheat_Mo!$C:$C,RIGHT(Z$2,5)) -> 4041.738
A16: Wheat Ex-Durum | B16: Exports | C16: KMT | D16: =SUMIFS(Wheat_Mo!$P:$P,Wheat_Mo!$B:$B,"Exports",Wheat_Mo!$C:$C,RIGHT(D$2,5)) -> 6076.252 | E16: =SUMIFS(Wheat_Mo!$P:$P,Wheat_Mo!$B:$B,"Exports",Wheat_Mo!$C:$C,RIGHT(E$2,5)) -> 12054.018 | F16: =SUMIFS(Wheat_Mo!$P:$P,Wheat_Mo!$B:$B,"Exports",Wheat_Mo!$C:$C,RIGHT(F$2,5)) -> 11330.886 | G16: =SUMIFS(Wheat_Mo!$P:$P,Wheat_Mo!$B:$B,"Exports",Wheat_Mo!$C:$C,RIGHT(G$2,5)) -> 11494.208 | H16: =SUMIFS(Wheat_Mo!$P:$P,Wheat_Mo!$B:$B,"Exports",Wheat_Mo!$C:$C,RIGHT(H$2,5)) -> 14591.62 | I16: =SUMIFS(Wheat_Mo!$P:$P,Wheat_Mo!$B:$B,"Exports",Wheat_Mo!$C:$C,RIGHT(I$2,5)) -> 12626.022 | J16: =SUMIFS(Wheat_Mo!$P:$P,Wheat_Mo!$B:$B,"Exports",Wheat_Mo!$C:$C,RIGHT(J$2,5)) -> 14955.652 | K16: =SUMIFS(Wheat_Mo!$P:$P,Wheat_Mo!$B:$B,"Exports",Wheat_Mo!$C:$C,RIGHT(K$2,5)) -> 15876.506 | ... Z16: =SUMIFS(Wheat_Mo!$P:$P,Wheat_Mo!$B:$B,"Exports",Wheat_Mo!$C:$C,RIGHT(Z$2,5)) -> 23208.901
A17: Wheat Ex-Durum | B17: Total Disposition | C17: KMT | D17: =D13+D14+D15+D16 -> 13335.052 | E17: =E13+E14+E15+E16 -> 18748.712 | F17: =F13+F14+F15+F16 -> 18783.374 | G17: =G13+G14+G15+G16 -> 18867.232 | H17: =H13+H14+H15+H16 -> 22759.874 | I17: =I13+I14+I15+I16 -> 18480.278 | J17: =J13+J14+J15+J16 -> 22038.674 | K17: =K13+K14+K15+K16 -> 21257.97 | ... Z17: =Z13+Z14+Z15+Z16 -> 30551.139
A19: Wheat Ex-Durum | B19: Ending Stocks | C19: KMT | D19: =D11-D17 -> 4106.5 | E19: =E11-E17 -> 4211.1 | F19: =F11-F17 -> 5435.1 | G19: =G11-G17 -> 6424.1 | H19: =H11-H17 -> 5608.2 | I19: =I11-I17 -> 3557.4 | J19: =J11-J17 -> 4641.7 | K19: =K11-K17 -> 5049 | ... Z19: =Z11-Z17 -> 3728
A20: Wheat Ex-Durum | B20: Stocks-to-Use | C20: % | D20: =IF(D17<>0,D19/D17,"") -> 0.30794781 | E20: =IF(E17<>0,E19/E17,"") -> 0.22460743 | F20: =IF(F17<>0,F19/F17,"") -> 0.28935696 | G20: =IF(G17<>0,G19/G17,"") -> 0.3404898 | H20: =IF(H17<>0,H19/H17,"") -> 0.24640734 | I20: =IF(I17<>0,I19/I17,"") -> 0.1924971 | J20: =IF(J17<>0,J19/J17,"") -> 0.21061612 | K20: =IF(K17<>0,K19/K17,"") -> 0.23751092 | ... Z20: =IF(Z17<>0,Z19/Z17,"") -> 0.12202491
A21: Wheat Ex-Durum | B21: STU Days | C21: Days | D21: =IF(D17<>0,D19/D17*365,"") -> 112.40095 | E21: =IF(E17<>0,E19/E17*365,"") -> 81.981712 | F21: =IF(F17<>0,F19/F17*365,"") -> 105.61529 | G21: =IF(G17<>0,G19/G17*365,"") -> 124.27878 | H21: =IF(H17<>0,H19/H17*365,"") -> 89.938679 | I21: =IF(I17<>0,I19/I17*365,"") -> 70.261443 | J21: =IF(J17<>0,J19/J17*365,"") -> 76.874884 | K21: =IF(K17<>0,K19/K17*365,"") -> 86.691486 | ... Z21: =IF(Z17<>0,Z19/Z17*365,"") -> 44.539092
A22: Wheat Ex-Durum | B22: CHECK | C22: KMT | D22: =D19-SUMIFS(Wheat_Mo!$P:$P,Wheat_Mo!$B:$B,"STOCKS",Wheat_Mo!$C:$C,RIGHT(D$2,5)) -> 0 | E22: =E19-SUMIFS(Wheat_Mo!$P:$P,Wheat_Mo!$B:$B,"STOCKS",Wheat_Mo!$C:$C,RIGHT(E$2,5)) -> 1.4551915e-11 | F22: =F19-SUMIFS(Wheat_Mo!$P:$P,Wheat_Mo!$B:$B,"STOCKS",Wheat_Mo!$C:$C,RIGHT(F$2,5)) -> 2.0918378e-11 | G22: =G19-SUMIFS(Wheat_Mo!$P:$P,Wheat_Mo!$B:$B,"STOCKS",Wheat_Mo!$C:$C,RIGHT(G$2,5)) -> 9.094947e-12 | H22: =H19-SUMIFS(Wheat_Mo!$P:$P,Wheat_Mo!$B:$B,"STOCKS",Wheat_Mo!$C:$C,RIGHT(H$2,5)) -> 0 | I22: =I19-SUMIFS(Wheat_Mo!$P:$P,Wheat_Mo!$B:$B,"STOCKS",Wheat_Mo!$C:$C,RIGHT(I$2,5)) -> 0 | J22: =J19-SUMIFS(Wheat_Mo!$P:$P,Wheat_Mo!$B:$B,"STOCKS",Wheat_Mo!$C:$C,RIGHT(J$2,5)) -> 1.2732926e-11 | K22: =K19-SUMIFS(Wheat_Mo!$P:$P,Wheat_Mo!$B:$B,"STOCKS",Wheat_Mo!$C:$C,RIGHT(K$2,5)) -> 3.3651304e-11 | ... Z22: =Z19-SUMIFS(Wheat_Mo!$P:$P,Wheat_Mo!$B:$B,"STOCKS",Wheat_Mo!$C:$C,RIGHT(Z$2,5)) -> 6.5483619e-11
A25: =A22 -> Wheat Ex-Durum | B25: FS/Prod | D25: {=SUM(D13:D14/D$10)} -> 0.23140578 | E25: {=SUM(E13:E14/E$10)} -> 0.14731645 | F25: {=SUM(F13:F14/F$10)} -> 0.14226697 | G25: {=SUM(G13:G14/G$10)} -> 0.14722565 | H25: {=SUM(H13:H14/H$10)} -> 0.14206723 | I25: {=SUM(I13:I14/I$10)} -> 0.18418551 | J25: {=SUM(J13:J14/J$10)} -> 0.13658934 | K25: {=SUM(K13:K14/K$10)} -> 0.15307444 | ... Z25: {=SUM(Z13:Z14/Z$10)} -> 0.11165993
A26: =A25 -> Wheat Ex-Durum | B26: FSR/Prod | D26: =D15/D$10 -> 0.36926947 | E26: =E15/E$10 -> 0.20808483 | F26: =F15/F$10 -> 0.23046739 | G26: =G15/G$10 -> 0.22452033 | H26: =H15/H$10 -> 0.2305857 | I26: =I15/I$10 -> 0.17258553 | J26: =J15/J$10 -> 0.17003632 | K26: =K15/K$10 -> 0.096641996 | ... Z26: =Z15/Z$10 -> 0.13673691
A27: =A26 -> Wheat Ex-Durum | B27: Exp/Prod | D27: =D16/D$10 -> 0.50281785 | E27: =E16/E$10 -> 0.63991177 | F27: =F16/F$10 -> 0.56671148 | G27: =G16/G$10 -> 0.57953503 | H27: =H16/H$10 -> 0.66570039 | I27: =I16/I$10 -> 0.76945713 | J27: =J16/J$10 -> 0.64743363 | K27: =K16/K$10 -> 0.73671856 | ... Z27: =Z16/Z$10 -> 0.78518534
D29: =(D13-C13)/C13 -> #VALUE! | E29: =(E13-D13)/D13 -> -0.011684156 | F29: =(F13-E13)/E13 -> 0.020519578 | G29: =(G13-F13)/F13 -> 0.011621472 | H29: =(H13-G13)/G13 -> -0.014223195 | I29: =(I13-H13)/H13 -> -0.02763596 | J29: =(J13-I13)/I13 -> -0.045314462 | K29: =(K13-J13)/J13 -> 0.024151124 | ... Z29: =(Z13-Y13)/Y13 -> 0.009289093
D30: =(D14-C14)/C14 -> #VALUE! | E30: =(E14-D14)/D14 -> 0.091743119 | F30: =(F14-E14)/E14 -> 0.12605042 | G30: =(G14-F14)/F14 -> 0.32835821 | H30: =(H14-G14)/G14 -> 1.3089888 | I30: =(I14-H14)/H14 -> -0.04136253 | J30: =(J14-I14)/I14 -> 0.63959391 | K30: =(K14-J14)/J14 -> 0.12848297 | ... Z30: =(Z14-Y14)/Y14 -> -0.0019624334
D31: =(D15-C15)/C15 -> #VALUE! | E31: =(E15-D15)/D15 -> -0.12161752 | F31: =(F15-E15)/E15 -> 0.17559891 | G31: =(G15-F15)/F15 -> -0.033629428 | H31: =(H15-G15)/G15 -> 0.13501611 | I31: =(I15-H15)/H15 -> -0.43968863 | J31: =(J15-I15)/I15 -> 0.38696435 | K31: =(K15-J15)/J15 -> -0.4697662 | ... Z31: =(Z15-Y15)/Y15 -> -0.17957809
D32: =(D16-C16)/C16 -> #VALUE! | E32: =(E16-D16)/D16 -> 0.98379165 | F32: =(F16-E16)/E16 -> -0.059990951 | G32: =(G16-F16)/F16 -> 0.014413877 | H32: =(H16-G16)/G16 -> 0.2694759 | I32: =(I16-H16)/H16 -> -0.13470732 | J32: =(J16-I16)/I16 -> 0.18451021 | K32: =(K16-J16)/J16 -> 0.061572307 | ... Z32: =(Z16-Y16)/Y16 -> 0.07741283

Sheet Durum_Mo
A1: Commodity | B1: Metric | C1: Crop Year | D1: AUG | E1: SEP | F1: OCT | G1: NOV | H1: DEC | I1: JAN | J1: FEB | K1: MAR | L1: APR | M1: MAY | N1: JUN | O1: JUL | P1: AUG/JUL
A2: Durum wheat | B2: Planted Area | C2: 02-03 | D2: 6.125 | P2: =D2 -> 6.125
A3: Durum wheat | B3: Planted Area | C3: 03-04 | D3: 5.96 | P3: =D3 -> 5.96
A4: Durum wheat | B4: Planted Area | C4: 04-05 | D4: 5.285 | P4: =D4 -> 5.285
A5: Durum wheat | B5: Planted Area | C5: 05-06 | D5: 5.7 | P5: =D5 -> 5.7
A6: Durum wheat | B6: Planted Area | C6: 06-07 | D6: 3.79538 | P6: =D6 -> 3.79538
A7: Durum wheat | B7: Planted Area | C7: 07-08 | D7: 4.765 | P7: =D7 -> 4.765
A8: Durum wheat | B8: Planted Area | C8: 08-09 | D8: 6.03 | P8: =D8 -> 6.03
A9: Durum wheat | B9: Planted Area | C9: 09-10 | D9: 5.66 | P9: =D9 -> 5.66
A10: Durum wheat | B10: Planted Area | C10: 10-11 | D10: 3.15 | P10: =D10 -> 3.15
A11: Durum wheat | B11: Planted Area | C11: 11-12 | D11: 4.011018 | P11: =D11 -> 4.011018
A12: Durum wheat | B12: Planted Area | C12: 12-13 | D12: 4.625 | P12: =D12 -> 4.625
A13: Durum wheat | B13: Planted Area | C13: 13-14 | D13: 4.985 | P13: =D13 -> 4.985
... A93: Durum wheat | B93: Production | C93: 24-25 | D93: 6380.3 | P93: =D93 -> 6380.3
A94: Durum wheat | B94: Exports | C94: 02-03 | D94: 414.552 | E94: 297.094 | F94: 267.688 | G94: 167.284 | H94: 258.208 | I94: 181.278 | J94: 149.184 | K94: 87.454 | L94: 212.996 | M94: 353.506 | N94: 245.686 | O94: 350.084 | P94: =SUM(D94:O94) -> 2985.014
A95: Durum wheat | B95: Exports | C95: 03-04 | D95: 411.186 | E95: 337.574 | F95: 369.48 | G95: 358.792 | H95: 234.652 | I95: 344.048 | J95: 144.822 | K95: 153.258 | L95: 129.95 | M95: 241.972 | N95: 219.92 | O95: 495.534 | P95: =SUM(D95:O95) -> 3441.188
A96: Durum wheat | B96: Exports | C96: 04-05 | D96: 513.84 | E96: 364.616 | F96: 248.96 | G96: 255.612 | H96: 119.752 | I96: 156.41 | J96: 177.486 | K96: 164.35 | L96: 125.276 | M96: 458.464 | N96: 345.714 | O96: 256.422 | P96: =SUM(D96:O96) -> 3186.902
A97: Durum wheat | B97: Exports | C97: 05-06 | D97: 381.288 | E97: 382.586 | F97: 359.74 | G97: 417.894 | H97: 245.448 | I97: 339.882 | J97: 209.812 | K97: 332.726 | L97: 527.65 | M97: 350.16 | N97: 398.696 | O97: 205.564 | P97: =SUM(D97:O97) -> 4151.446
A98: Durum wheat | B98: Exports | C98: 06-07 | D98: 292.442 | E98: 375.264 | F98: 625.74 | G98: 474.874 | H98: 434.738 | I98: 295.188 | J98: 223.174 | K98: 196.308 | L98: 398.482 | M98: 428.046 | N98: 381.224 | O98: 332.096 | P98: =SUM(D98:O98) -> 4457.576
A99: Durum wheat | B99: Exports | C99: 07-08 | D99: 378.452 | E99: 128.256 | F99: 340.848 | G99: 357.714 | H99: 355.89 | I99: 341.108 | J99: 248.312 | K99: 214.058 | L99: 248.672 | M99: 316.414 | N99: 129.098 | O99: 131.946 | P99: =SUM(D99:O99) -> 3190.768
A100: Durum wheat | B100: Exports | C100: 08-09 | D100: 209.114 | E100: 65.39 | F100: 337.846 | G100: 470.54 | H100: 212.004 | I100: 260.832 | J100: 315.31 | K100: 209.994 | L100: 685.188 | M100: 379.364 | N100: 325.308 | O100: 211.256 | P100: =SUM(D100:O100) -> 3682.146
A101: Durum wheat | B101: Exports | C101: 09-10 | D101: 163.144 | E101: 283.424 | F101: 322.854 | G101: 265.098 | H101: 398.718 | I101: 256.162 | J101: 111.932 | K101: 161.032 | L101: 307.29 | M101: 320.008 | N101: 163.52 | O101: 130.304 | P101: =SUM(D101:O101) -> 2883.486
A102: Durum wheat | B102: Exports | C102: 10-11 | D102: 290.176 | E102: 361.55 | F102: 169.092 | G102: 345.41 | H102: 262.148 | I102: 210.46 | J102: 166.606 | K102: 151.362 | L102: 351.016 | M102: 213.788 | N102: 138.616 | O102: 317.64 | P102: =SUM(D102:O102) -> 2977.864
A103: Durum wheat | B103: Exports | C103: 11-12 | D103: 180.526 | E103: 397.608 | F103: 178.8 | G103: 431.714 | H103: 252.332 | I103: 156.458 | J103: 257.121 | K103: 265.129 | L103: 432.695 | M103: 407.323 | N103: 203.983 | O103: 190.325 | P103: =SUM(D103:O103) -> 3354.014
A104: Durum wheat | B104: Exports | C104: 12-13 | D104: 391.684 | E104: 255.012 | F104: 555.281 | G104: 453.701 | H104: 324.959 | I104: 407.946 | J104: 189.717 | K104: 351.419 | L104: 491.837 | M104: 473.373 | N104: 189.314 | O104: 230.718 | P104: =SUM(D104:O104) -> 4314.961
A105: Durum wheat | B105: Exports | C105: 13-14 | D105: 393.827 | E105: 338.098 | F105: 383.67 | G105: 358.168 | H105: 447.795 | I105: 409.517 | J105: 311.298 | K105: 428.465 | L105: 387.447 | M105: 575.928 | N105: 335.924 | O105: 635.319 | P105: =SUM(D105:O105) -> 5005.456
... A208: Durum wheat | B208: Seed | C208: 24-25 | D208: 0 | E208: 0 | F208: 0 | G208: 0 | H208: 0 | I208: 0 | J208: 0 | K208: 0 | L208: 0 | M208: 0 | N208: 0 | O208: 0 | P208: =SUM(D208:O208) -> 0
A209: Durum wheat | B209: Food & Processing | C209: 02-03 | D209: =D140+D163 -> 23.025 | E209: =E140+E163 -> 23.025 | F209: =F140+F163 -> 23.025 | G209: =G140+G163 -> 23.025 | H209: =H140+H163 -> 23.025 | I209: =I140+I163 -> 23.025 | J209: =J140+J163 -> 23.025 | K209: =K140+K163 -> 23.025 | ... O209: =O140+O163 -> 23.025 | P209: =SUM(D209:O209) -> 276.3
A210: Durum wheat | B210: Food & Processing | C210: 03-04 | D210: =D141+D164 -> 20.958333 | E210: =E141+E164 -> 20.958333 | F210: =F141+F164 -> 20.958333 | G210: =G141+G164 -> 20.958333 | H210: =H141+H164 -> 20.958333 | I210: =I141+I164 -> 20.958333 | J210: =J141+J164 -> 20.958333 | K210: =K141+K164 -> 20.958333 | ... O210: =O141+O164 -> 20.958333 | P210: =SUM(D210:O210) -> 251.5
A211: Durum wheat | B211: Food & Processing | C211: 04-05 | D211: =D142+D165 -> 21.183333 | E211: =E142+E165 -> 21.183333 | F211: =F142+F165 -> 21.183333 | G211: =G142+G165 -> 21.183333 | H211: =H142+H165 -> 21.183333 | I211: =I142+I165 -> 21.183333 | J211: =J142+J165 -> 21.183333 | K211: =K142+K165 -> 21.183333 | ... O211: =O142+O165 -> 21.183333 | P211: =SUM(D211:O211) -> 254.2
A212: Durum wheat | B212: Food & Processing | C212: 05-06 | D212: =D143+D166 -> 20.675 | E212: =E143+E166 -> 20.675 | F212: =F143+F166 -> 20.675 | G212: =G143+G166 -> 20.675 | H212: =H143+H166 -> 20.675 | I212: =I143+I166 -> 20.675 | J212: =J143+J166 -> 20.675 | K212: =K143+K166 -> 20.675 | ... O212: =O143+O166 -> 20.675 | P212: =SUM(D212:O212) -> 248.1
A213: Durum wheat | B213: Food & Processing | C213: 06-07 | D213: =D144+D167 -> 21.375 | E213: =E144+E167 -> 21.375 | F213: =F144+F167 -> 21.375 | G213: =G144+G167 -> 21.375 | H213: =H144+H167 -> 21.375 | I213: =I144+I167 -> 21.375 | J213: =J144+J167 -> 21.375 | K213: =K144+K167 -> 21.375 | ... O213: =O144+O167 -> 21.375 | P213: =SUM(D213:O213) -> 256.5
A214: Durum wheat | B214: Food & Processing | C214: 07-08 | D214: =D145+D168 -> 19.041667 | E214: =E145+E168 -> 19.041667 | F214: =F145+F168 -> 19.041667 | G214: =G145+G168 -> 19.041667 | H214: =H145+H168 -> 19.041667 | I214: =I145+I168 -> 19.041667 | J214: =J145+J168 -> 19.041667 | K214: =K145+K168 -> 19.041667 | ... O214: =O145+O168 -> 19.041667 | P214: =SUM(D214:O214) -> 228.5
A215: Durum wheat | B215: Food & Processing | C215: 08-09 | D215: =D146+D169 -> 19.691667 | E215: =E146+E169 -> 19.691667 | F215: =F146+F169 -> 19.691667 | G215: =G146+G169 -> 19.691667 | H215: =H146+H169 -> 19.691667 | I215: =I146+I169 -> 19.691667 | J215: =J146+J169 -> 19.691667 | K215: =K146+K169 -> 19.691667 | ... O215: =O146+O169 -> 19.691667 | P215: =SUM(D215:O215) -> 236.3
A216: Durum wheat | B216: Food & Processing | C216: 09-10 | D216: =D147+D170 -> 21.733333 | E216: =E147+E170 -> 21.733333 | F216: =F147+F170 -> 21.733333 | G216: =G147+G170 -> 21.733333 | H216: =H147+H170 -> 21.733333 | I216: =I147+I170 -> 21.733333 | J216: =J147+J170 -> 21.733333 | K216: =K147+K170 -> 21.733333 | ... O216: =O147+O170 -> 21.733333 | P216: =SUM(D216:O216) -> 260.8
A217: Durum wheat | B217: Food & Processing | C217: 10-11 | D217: =D148+D171 -> 21.216667 | E217: =E148+E171 -> 21.216667 | F217: =F148+F171 -> 21.216667 | G217: =G148+G171 -> 21.216667 | H217: =H148+H171 -> 21.216667 | I217: =I148+I171 -> 21.216667 | J217: =J148+J171 -> 21.216667 | K217: =K148+K171 -> 21.216667 | ... O217: =O148+O171 -> 21.216667 | P217: =SUM(D217:O217) -> 254.6
A218: Durum wheat | B218: Food & Processing | C218: 11-12 | D218: =D149+D172 -> 19.366667 | E218: =E149+E172 -> 19.366667 | F218: =F149+F172 -> 19.366667 | G218: =G149+G172 -> 19.366667 | H218: =H149+H172 -> 19.366667 | I218: =I149+I172 -> 19.366667 | J218: =J149+J172 -> 19.366667 | K218: =K149+K172 -> 19.366667 | ... O218: =O149+O172 -> 19.366667 | P218: =SUM(D218:O218) -> 232.4
A219: Durum wheat | B219: Food & Processing | C219: 12-13 | D219: =D150+D173 -> 19.258333 | E219: =E150+E173 -> 19.258333 | F219: =F150+F173 -> 19.258333 | G219: =G150+G173 -> 19.258333 | H219: =H150+H173 -> 19.258333 | I219: =I150+I173 -> 19.258333 | J219: =J150+J173 -> 19.258333 | K219: =K150+K173 -> 19.258333 | ... O219: =O150+O173 -> 19.258333 | P219: =SUM(D219:O219) -> 231.1
A220: Durum wheat | B220: Food & Processing | C220: 13-14 | D220: =D151+D174 -> 19.691667 | E220: =E151+E174 -> 19.691667 | F220: =F151+F174 -> 19.691667 | G220: =G151+G174 -> 19.691667 | H220: =H151+H174 -> 19.691667 | I220: =I151+I174 -> 19.691667 | J220: =J151+J174 -> 19.691667 | K220: =K151+K174 -> 19.691667 | ... O220: =O151+O174 -> 19.691667 | P220: =SUM(D220:O220) -> 236.3
... A231: Durum wheat | B231: Food & Processing | C231: 24-25 | D231: =D162+D185 -> 16.075 | E231: =E162+E185 -> 16.075 | F231: =F162+F185 -> 16.075 | G231: =G162+G185 -> 16.075 | H231: =H162+H185 -> 16.075 | I231: =I162+I185 -> 16.075 | J231: =J162+J185 -> 16.075 | K231: =K162+K185 -> 16.075 | ... O231: =O162+O185 -> 16.075 | P231: =SUM(D231:O231) -> 192.9
A232: Durum wheat | B232: FSR | C232: 02-03 | D232: 46.452667 | E232: 46.452667 | F232: 46.452667 | G232: 46.452667 | H232: 46.452667 | I232: 46.452667 | J232: 46.452667 | K232: 46.452667 | L232: 46.452667 | M232: 46.452667 | N232: 46.452667 | O232: 46.452667 | P232: =SUM(D232:O232) -> 557.432
A233: Durum wheat | B233: FSR | C233: 03-04 | D233: 29.563 | E233: 29.563 | F233: 29.563 | G233: 29.563 | H233: 29.563 | I233: 29.563 | J233: 29.563 | K233: 29.563 | L233: 29.563 | M233: 29.563 | N233: 29.563 | O233: 29.563 | P233: =SUM(D233:O233) -> 354.756
A234: Durum wheat | B234: FSR | C234: 04-05 | D234: 54.027167 | E234: 54.027167 | F234: 54.027167 | G234: 54.027167 | H234: 54.027167 | I234: 54.027167 | J234: 54.027167 | K234: 54.027167 | L234: 54.027167 | M234: 54.027167 | N234: 54.027167 | O234: 54.027167 | P234: =SUM(D234:O234) -> 648.326
A235: Durum wheat | B235: FSR | C235: 05-06 | D235: 61.015167 | E235: 61.015167 | F235: 61.015167 | G235: 61.015167 | H235: 61.015167 | I235: 61.015167 | J235: 61.015167 | K235: 61.015167 | L235: 61.015167 | M235: 61.015167 | N235: 61.015167 | O235: 61.015167 | P235: =SUM(D235:O235) -> 732.182
A236: Durum wheat | B236: FSR | C236: 06-07 | D236: 54.132667 | E236: 54.132667 | F236: 54.132667 | G236: 54.132667 | H236: 54.132667 | I236: 54.132667 | J236: 54.132667 | K236: 54.132667 | L236: 54.132667 | M236: 54.132667 | N236: 54.132667 | O236: 54.132667 | P236: =SUM(D236:O236) -> 649.592
A237: Durum wheat | B237: FSR | C237: 07-08 | D237: 59.429833 | E237: 59.429833 | F237: 59.429833 | G237: 59.429833 | H237: 59.429833 | I237: 59.429833 | J237: 59.429833 | K237: 59.429833 | L237: 59.429833 | M237: 59.429833 | N237: 59.429833 | O237: 59.429833 | P237: =SUM(D237:O237) -> 713.158
A238: Durum wheat | B238: FSR | C238: 08-09 | D238: 34.0695 | E238: 34.0695 | F238: 34.0695 | G238: 34.0695 | H238: 34.0695 | I238: 34.0695 | J238: 34.0695 | K238: 34.0695 | L238: 34.0695 | M238: 34.0695 | N238: 34.0695 | O238: 34.0695 | P238: =SUM(D238:O238) -> 408.834
A239: Durum wheat | B239: FSR | C239: 09-10 | D239: 130.57967 | E239: 130.57967 | F239: 130.57967 | G239: 130.57967 | H239: 130.57967 | I239: 130.57967 | J239: 130.57967 | K239: 130.57967 | L239: 130.57967 | M239: 130.57967 | N239: 130.57967 | O239: 130.57967 | P239: =SUM(D239:O239) -> 1566.956
A240: Durum wheat | B240: FSR | C240: 10-11 | D240: 79.7215 | E240: 79.7215 | F240: 79.7215 | G240: 79.7215 | H240: 79.7215 | I240: 79.7215 | J240: 79.7215 | K240: 79.7215 | L240: 79.7215 | M240: 79.7215 | N240: 79.7215 | O240: 79.7215 | P240: =SUM(D240:O240) -> 956.658
A241: Durum wheat | B241: FSR | C241: 11-12 | D241: 56.9105 | E241: 56.9105 | F241: 56.9105 | G241: 56.9105 | H241: 56.9105 | I241: 56.9105 | J241: 56.9105 | K241: 56.9105 | L241: 56.9105 | M241: 56.9105 | N241: 56.9105 | O241: 56.9105 | P241: =SUM(D241:O241) -> 682.926
A242: Durum wheat | B242: FSR | C242: 12-13 | D242: 39.627917 | E242: 39.627917 | F242: 39.627917 | G242: 39.627917 | H242: 39.627917 | I242: 39.627917 | J242: 39.627917 | K242: 39.627917 | L242: 39.627917 | M242: 39.627917 | N242: 39.627917 | O242: 39.627917 | P242: =SUM(D242:O242) -> 475.535
A243: Durum wheat | B243: FSR | C243: 13-14 | D243: 54.65425 | E243: 54.65425 | F243: 54.65425 | G243: 54.65425 | H243: 54.65425 | I243: 54.65425 | J243: 54.65425 | K243: 54.65425 | L243: 54.65425 | M243: 54.65425 | N243: 54.65425 | O243: 54.65425 | P243: =SUM(D243:O243) -> 655.851
... A254: Durum wheat | B254: FSR | C254: 24-25 | D254: 45.83175 | E254: 45.83175 | F254: 45.83175 | G254: 45.83175 | H254: 45.83175 | I254: 45.83175 | J254: 45.83175 | K254: 45.83175 | L254: 45.83175 | M254: 45.83175 | N254: 45.83175 | O254: 45.83175 | P254: =SUM(D254:O254) -> 549.981
A255: Durum wheat | B255: STOCKS | C255: 02-03 | D255: =1544.9+D71+D117-D94-D209-D232-D186 -> 4939.5463 | E255: =D255+E71+E117-E94-E209-E232-E186 -> 4573.7027 | F255: =E255+F71+F117-F94-F209-F232-F186 -> 4237.349 | G255: =F255+G71+G117-G94-G209-G232-G186 -> 4001.1393 | H255: =G255+H71+H117-H94-H209-H232-H186 -> 3673.4537 | I255: =H255+I71+I117-I94-I209-I232-I186 -> 3423.482 | J255: =I255+J71+J117-J94-J209-J232-J186 -> 3205.0903 | K255: =J255+K71+K117-K94-K209-K232-K186 -> 3048.4867 | L255: =K255+L71+L117-L94-L209-L232-L186 -> 2766.045 | ... O255: =N255+O71+O117-O94-O209-O232-O186 -> 1608.6 | P255: =O255 -> 1608.6
A256: Durum wheat | B256: STOCKS | C256: 03-04 | D256: =O255+D72+D118-D95-D210-D233-D187 -> 5358.5267 | E256: =D256+E72+E118-E95-E210-E233-E187 -> 4970.5353 | F256: =E256+F72+F118-F95-F210-F233-F187 -> 4550.63 | G256: =F256+G72+G118-G95-G210-G233-G187 -> 4141.3207 | H256: =G256+H72+H118-H95-H210-H233-H187 -> 3856.2593 | I256: =H256+I72+I118-I95-I210-I233-I187 -> 3461.702 | J256: =I256+J72+J118-J95-J210-J233-J187 -> 3266.5707 | K256: =J256+K72+K118-K95-K210-K233-K187 -> 3062.8813 | L256: =K256+L72+L118-L95-L210-L233-L187 -> 2882.456 | ... O256: =N256+O72+O118-O95-O210-O233-O187 -> 1774.1 | P256: =O256 -> 1774.1
A257: Durum wheat | B257: STOCKS | C257: 04-05 | D257: =O256+D73+D119-D96-D211-D234-D188 -> 5986.6015 | E257: =D257+E73+E119-E96-E211-E234-E188 -> 5546.781 | F257: =E257+F73+F119-F96-F211-F234-F188 -> 5222.6125 | G257: =F257+G73+G119-G96-G211-G234-G188 -> 4891.79 | H257: =G257+H73+H119-H96-H211-H234-H188 -> 4696.9415 | I257: =H257+I73+I119-I96-I211-I234-I188 -> 4465.417 | J257: =I257+J73+J119-J96-J211-J234-J188 -> 4212.7205 | K257: =J257+K73+K119-K96-K211-K234-K188 -> 3973.34 | L257: =K257+L73+L119-L96-L211-L234-L188 -> 3772.8675 | ... O257: =N257+O73+O119-O96-O211-O234-O188 -> 2486.9 | P257: =O257 -> 2486.9
A258: Durum wheat | B258: STOCKS | C258: 05-06 | D258: =O257+D74+D120-D97-D212-D235-D189 -> 7938.5218 | E258: =D258+E74+E120-E97-E212-E235-E189 -> 7474.2497 | F258: =E258+F74+F120-F97-F212-F235-F189 -> 7032.9155 | G258: =F258+G74+G120-G97-G212-G235-G189 -> 6533.3353 | H258: =G258+H74+H120-H97-H212-H235-H189 -> 6206.2172 | I258: =H258+I74+I120-I97-I212-I235-I189 -> 5787.743 | J258: =I258+J74+J120-J97-J212-J235-J189 -> 5496.4248 | K258: =J258+K74+K120-K97-K212-K235-K189 -> 5082.1267 | L258: =K258+L74+L120-L97-L212-L235-L189 -> 4472.8785 | ... O258: =N258+O74+O120-O97-O212-O235-O189 -> 3273.4 | P258: =O258 -> 3273.4
A259: Durum wheat | B259: STOCKS | C259: 06-07 | D259: =O258+D75+D121-D98-D213-D236-D190 -> 6251.7443 | E259: =D259+E75+E121-E98-E213-E236-E190 -> 5800.9787 | F259: =E259+F75+F121-F98-F213-F236-F190 -> 5099.745 | G259: =F259+G75+G121-G98-G213-G236-G190 -> 4549.4573 | H259: =G259+H75+H121-H98-H213-H236-H190 -> 4039.3057 | I259: =H259+I75+I121-I98-I213-I236-I190 -> 3668.61 | J259: =I259+J75+J121-J98-J213-J236-J190 -> 3369.9303 | K259: =J259+K75+K121-K98-K213-K236-K190 -> 3098.2067 | L259: =K259+L75+L121-L98-L213-L236-L190 -> 2624.403 | ... O259: =N259+O75+O121-O98-O213-O236-O190 -> 1256.8 | P259: =O259 -> 1256.8
A260: Durum wheat | B260: STOCKS | C260: 07-08 | D260: =O259+D76+D122-D99-D214-D237-D191 -> 4481.4705 | E260: =D260+E76+E122-E99-E214-E237-E191 -> 4275.355 | F260: =E260+F76+F122-F99-F214-F237-F191 -> 3856.1395 | G260: =F260+G76+G122-G99-G214-G237-G191 -> 3420.804 | H260: =G260+H76+H122-H99-H214-H237-H191 -> 2986.4845 | I260: =H260+I76+I122-I99-I214-I237-I191 -> 2566.905 | J260: =I260+J76+J122-J99-J214-J237-J191 -> 2240.4355 | K260: =J260+K76+K122-K99-K214-K237-K191 -> 1947.998 | L260: =K260+L76+L122-L99-L214-L237-L191 -> 1621.4345 | ... O260: =N260+O76+O122-O99-O214-O237-O191 -> 808.7 | P260: =O260 -> 808.7
A261: Durum wheat | B261: STOCKS | C261: 08-09 | D261: =O260+D77+D123-D100-D215-D238-D192 -> 6065.3188 | E261: =D261+E77+E123-E100-E215-E238-E192 -> 5946.6617 | F261: =E261+F77+F123-F100-F215-F238-F192 -> 5555.2505 | G261: =F261+G77+G123-G100-G215-G238-G192 -> 5030.9493 | H261: =G261+H77+H123-H100-H215-H238-H192 -> 4765.4662 | I261: =H261+I77+I123-I100-I215-I238-I192 -> 4451.023 | J261: =I261+J77+J123-J100-J215-J238-J192 -> 4082.3498 | K261: =J261+K77+K123-K100-K215-K238-K192 -> 3818.9547 | L261: =K261+L77+L123-L100-L215-L238-L192 -> 3080.0075 | ... O261: =N261+O77+O123-O100-O215-O238-O192 -> 2003.1 | P261: =O261 -> 2003.1
A262: Durum wheat | B262: STOCKS | C262: 09-10 | D262: =O261+D78+D124-D101-D216-D239-D193 -> 7087.399 | E262: =D262+E78+E124-E101-E216-E239-E193 -> 6652.342 | F262: =E262+F78+F124-F101-F216-F239-F193 -> 6177.599 | G262: =F262+G78+G124-G101-G216-G239-G193 -> 5760.262 | H262: =G262+H78+H124-H101-H216-H239-H193 -> 5209.265 | I262: =H262+I78+I124-I101-I216-I239-I193 -> 4800.79 | J262: =I262+J78+J124-J101-J216-J239-J193 -> 4536.551 | K262: =J262+K78+K124-K101-K216-K239-K193 -> 4223.534 | L262: =K262+L78+L124-L101-L216-L239-L193 -> 3764.229 | ... O262: =N262+O78+O124-O101-O216-O239-O193 -> 2693.9 | P262: =O262 -> 2693.9
A263: Durum wheat | B263: STOCKS | C263: 10-11 | D263: =O262+D79+D125-D102-D217-D240-D194 -> 5327.7458 | E263: =D263+E79+E125-E102-E217-E240-E194 -> 4866.0157 | F263: =E263+F79+F125-F102-F217-F240-F194 -> 4596.0595 | G263: =F263+G79+G125-G102-G217-G240-G194 -> 4168.8413 | H263: =G263+H79+H125-H102-H217-H240-H194 -> 3808.0032 | I263: =H263+I79+I125-I102-I217-I240-I194 -> 3507.283 | J263: =I263+J79+J125-J102-J217-J240-J194 -> 3240.5848 | K263: =J263+K79+K125-K102-K217-K240-K194 -> 2988.6747 | L263: =K263+L79+L125-L102-L217-L240-L194 -> 2537.2725 | ... O263: =N263+O79+O125-O102-O217-O240-O194 -> 1566 | P263: =O263 -> 1566
A264: Durum wheat | B264: STOCKS | C264: 11-12 | D264: =O263+D80+D126-D103-D218-D241-D195 -> 5486.6008 | E264: =D264+E80+E126-E103-E218-E241-E195 -> 5014.9837 | F264: =E264+F80+F126-F103-F218-F241-F195 -> 4763.6805 | G264: =F264+G80+G126-G103-G218-G241-G195 -> 4256.0933 | H264: =G264+H80+H126-H103-H218-H241-H195 -> 3927.5822 | I264: =H264+I80+I126-I103-I218-I241-I195 -> 3695.591 | J264: =I264+J80+J126-J103-J218-J241-J195 -> 3362.9238 | K264: =J264+K80+K126-K103-K218-K241-K195 -> 3022.0457 | L264: =K264+L80+L126-L103-L218-L241-L195 -> 2513.8935 | ... O264: =N264+O80+O126-O103-O218-O241-O195 -> 1486.1 | P264: =O264 -> 1486.1
A265: Durum wheat | B265: STOCKS | C265: 12-13 | D265: =O264+D81+D127-D104-D219-D242-D196 -> 5665.0077 | E265: =D265+E81+E127-E104-E219-E242-E196 -> 5369.8555 | F265: =E265+F81+F127-F104-F219-F242-F196 -> 4755.9562 | G265: =F265+G81+G127-G104-G219-G242-G196 -> 4246.238 | H265: =G265+H81+H127-H104-H219-H242-H196 -> 3871.7507 | I265: =H265+I81+I127-I104-I219-I242-I196 -> 3405.0215 | J265: =I265+J81+J127-J104-J219-J242-J196 -> 3156.6202 | K265: =J265+K81+K127-K104-K219-K242-K196 -> 2746.761 | L265: =K265+L81+L127-L104-L219-L242-L196 -> 2196.1687 | ... O265: =N265+O81+O127-O104-O219-O242-O196 -> 1126.9 | P265: =O265 -> 1126.9
A266: Durum wheat | B266: STOCKS | C266: 13-14 | D266: =O265+D82+D128-D105-D220-D243-D197 -> 7163.3211 | E266: =D266+E82+E128-E105-E220-E243-E197 -> 6750.8772 | F266: =E266+F82+F128-F105-F220-F243-F197 -> 6293.0582 | G266: =F266+G82+G128-G105-G220-G243-G197 -> 5860.9333 | H266: =G266+H82+H128-H105-H220-H243-H197 -> 5338.9154 | I266: =H266+I82+I128-I105-I220-I243-I197 -> 4855.1375 | J266: =I266+J82+J128-J105-J220-J243-J197 -> 4471.7236 | K266: =J266+K82+K128-K105-K220-K243-K197 -> 3969.1757 | L266: =K266+L82+L128-L105-L220-L243-L197 -> 3507.4728 | ... O266: =N266+O82+O128-O105-O220-O243-O197 -> 1738.9 | P266: =O266 -> 1738.9
A267: Durum wheat | B267: STOCKS | C267: 14-15 | D267: =O266+D83+D129-D106-D221-D244-D198 -> 6305.3499 | E267: =D267+E83+E129-E106-E221-E244-E198 -> 5886.3578 | F267: =E267+F83+F129-F106-F221-F244-F198 -> 5394.9718 | G267: =F267+G83+G129-G106-G221-G244-G198 -> 4673.3927 | H267: =G267+H83+H129-H106-H221-H244-H198 -> 4037.4346 | I267: =H267+I83+I129-I106-I221-I244-I198 -> 3512.4935 | J267: =I267+J83+J129-J106-J221-J244-J198 -> 3018.5994 | K267: =J267+K83+K129-K106-K221-K244-K198 -> 2413.8823 | L267: =K267+L83+L129-L106-L221-L244-L198 -> 2018.7713 | ... O267: =N267+O83+O129-O106-O221-O244-O198 -> 976.1 | P267: =O267 -> 976.1
... A277: Durum wheat | B277: STOCKS | C277: 24-25 | D277: =O276+D93+D139-D116-D231-D254-D208 -> 6747.5103 | E277: =D277+E93+E139-E116-E231-E254-E208 -> 6530.7115 | F277: =E277+F93+F139-F116-F231-F254-F208 -> 5935.6448 | G277: =F277+G93+G139-G116-G231-G254-G208 -> 5353.45 | H277: =G277+H93+H139-H116-H231-H254-H208 -> 4509.1863 | I277: =H277+I93+I139-I116-I231-I254-I208 -> 3754.0845 | J277: =I277+J93+J139-J116-J231-J254-J208 -> 3401.0068 | K277: =J277+K93+K139-K116-K231-K254-K208 -> 2826.543 | L277: =K277+L93+L139-L116-L231-L254-L208 -> 2025.6993 | ... O277: =N277+O93+O139-O116-O231-O254-O208 -> 511.9 | P277: =O277 -> 511.9

Sheet Durum_Yr
A1: Durum
A2: Commodity | B2: Metric | C2: Unit | D2: 02-03 | E2: 03-04 | F2: 04-05 | G2: 05-06 | H2: 06-07 | I2: 07-08 | J2: 08-09 | K2: 09-10 | L2: 10-11 | M2: 11-12 | N2: 12-13 | O2: 13-14 | P2: 14-15 | Q2: 15-16 | R2: 16-17 | S2: 17-18 | T2: 18-19 | U2: 19-20 | V2: 20-21 | W2: 21-22 | X2: 22-23 | Y2: 23-24 | Z2: 24-25
A3: Durum | B3: Planted Area | C3: MLN AC | D3: =SUMIFS(Durum_Mo!$P:$P,Durum_Mo!$B:$B,"Planted Area",Durum_Mo!$C:$C,RIGHT(D$2,5)) -> 6.125 | E3: =SUMIFS(Durum_Mo!$P:$P,Durum_Mo!$B:$B,"Planted Area",Durum_Mo!$C:$C,RIGHT(E$2,5)) -> 5.96 | F3: =SUMIFS(Durum_Mo!$P:$P,Durum_Mo!$B:$B,"Planted Area",Durum_Mo!$C:$C,RIGHT(F$2,5)) -> 5.285 | G3: =SUMIFS(Durum_Mo!$P:$P,Durum_Mo!$B:$B,"Planted Area",Durum_Mo!$C:$C,RIGHT(G$2,5)) -> 5.7 | H3: =SUMIFS(Durum_Mo!$P:$P,Durum_Mo!$B:$B,"Planted Area",Durum_Mo!$C:$C,RIGHT(H$2,5)) -> 3.79538 | I3: =SUMIFS(Durum_Mo!$P:$P,Durum_Mo!$B:$B,"Planted Area",Durum_Mo!$C:$C,RIGHT(I$2,5)) -> 4.765 | J3: =SUMIFS(Durum_Mo!$P:$P,Durum_Mo!$B:$B,"Planted Area",Durum_Mo!$C:$C,RIGHT(J$2,5)) -> 6.03 | K3: =SUMIFS(Durum_Mo!$P:$P,Durum_Mo!$B:$B,"Planted Area",Durum_Mo!$C:$C,RIGHT(K$2,5)) -> 5.66 | ... Z3: =SUMIFS(Durum_Mo!$P:$P,Durum_Mo!$B:$B,"Planted Area",Durum_Mo!$C:$C,RIGHT(Z$2,5)) -> 6.3644
A4: Durum | B4: Harvested Area | C4: MLN AC | D4: =SUMIFS(Durum_Mo!$P:$P,Durum_Mo!$B:$B,"Harvested Area",Durum_Mo!$C:$C,RIGHT(D$2,5)) -> 5.55 | E4: =SUMIFS(Durum_Mo!$P:$P,Durum_Mo!$B:$B,"Harvested Area",Durum_Mo!$C:$C,RIGHT(E$2,5)) -> 5.915 | F4: =SUMIFS(Durum_Mo!$P:$P,Durum_Mo!$B:$B,"Harvested Area",Durum_Mo!$C:$C,RIGHT(F$2,5)) -> 5.07 | G4: =SUMIFS(Durum_Mo!$P:$P,Durum_Mo!$B:$B,"Harvested Area",Durum_Mo!$C:$C,RIGHT(G$2,5)) -> 5.63 | H4: =SUMIFS(Durum_Mo!$P:$P,Durum_Mo!$B:$B,"Harvested Area",Durum_Mo!$C:$C,RIGHT(H$2,5)) -> 3.75 | I4: =SUMIFS(Durum_Mo!$P:$P,Durum_Mo!$B:$B,"Harvested Area",Durum_Mo!$C:$C,RIGHT(I$2,5)) -> 4.71 | J4: =SUMIFS(Durum_Mo!$P:$P,Durum_Mo!$B:$B,"Harvested Area",Durum_Mo!$C:$C,RIGHT(J$2,5)) -> 5.97 | K4: =SUMIFS(Durum_Mo!$P:$P,Durum_Mo!$B:$B,"Harvested Area",Durum_Mo!$C:$C,RIGHT(K$2,5)) -> 5.51 | ... Z4: =SUMIFS(Durum_Mo!$P:$P,Durum_Mo!$B:$B,"Harvested Area",Durum_Mo!$C:$C,RIGHT(Z$2,5)) -> 6.3388
A5: Durum | B5: Proportion Harvested | C5: % | D5: =IF(D3<>0,D4/D3,"") -> 0.90612245 | E5: =IF(E3<>0,E4/E3,"") -> 0.99244966 | F5: =IF(F3<>0,F4/F3,"") -> 0.95931883 | G5: =IF(G3<>0,G4/G3,"") -> 0.9877193 | H5: =IF(H3<>0,H4/H3,"") -> 0.98804336 | I5: =IF(I3<>0,I4/I3,"") -> 0.9884575 | J5: =IF(J3<>0,J4/J3,"") -> 0.99004975 | K5: =IF(K3<>0,K4/K3,"") -> 0.97349823 | ... Z5: =IF(Z3<>0,Z4/Z3,"") -> 0.99597763
A6: Durum | B6: Yield | C6: BU/AC | D6: =SUMIFS(Durum_Mo!$P:$P,Durum_Mo!$B:$B,"Yield",Durum_Mo!$C:$C,RIGHT(D$2,5)) -> 25.666964 | E6: =SUMIFS(Durum_Mo!$P:$P,Durum_Mo!$B:$B,"Yield",Durum_Mo!$C:$C,RIGHT(E$2,5)) -> 26.16226 | F6: =SUMIFS(Durum_Mo!$P:$P,Durum_Mo!$B:$B,"Yield",Durum_Mo!$C:$C,RIGHT(F$2,5)) -> 34.797081 | G6: =SUMIFS(Durum_Mo!$P:$P,Durum_Mo!$B:$B,"Yield",Durum_Mo!$C:$C,RIGHT(G$2,5)) -> 38.601117 | H6: =SUMIFS(Durum_Mo!$P:$P,Durum_Mo!$B:$B,"Yield",Durum_Mo!$C:$C,RIGHT(H$2,5)) -> 32.787138 | I6: =SUMIFS(Durum_Mo!$P:$P,Durum_Mo!$B:$B,"Yield",Durum_Mo!$C:$C,RIGHT(I$2,5)) -> 28.719375 | J6: =SUMIFS(Durum_Mo!$P:$P,Durum_Mo!$B:$B,"Yield",Durum_Mo!$C:$C,RIGHT(J$2,5)) -> 33.969766 | K6: =SUMIFS(Durum_Mo!$P:$P,Durum_Mo!$B:$B,"Yield",Durum_Mo!$C:$C,RIGHT(K$2,5)) -> 36.007492 | ... Z6: =SUMIFS(Durum_Mo!$P:$P,Durum_Mo!$B:$B,"Yield",Durum_Mo!$C:$C,RIGHT(Z$2,5)) -> 36.98426
A8: Durum | B8: Beginning Stocks | C8: KMT | D8: =SUMIFS(Durum_Mo!$D:$D,Durum_Mo!$B:$B,"STOCKS",Durum_Mo!$C:$C,RIGHT(D$2,5))-SUMIFS(Durum_Mo!$D:$D,Durum_Mo!$B:$B,"Production",Durum_Mo!$C:$C,RIGHT(D$2,5))-SUMIFS(Durum_Mo!$D:$D,Durum_Mo!$B:$B,"Imports",Durum_Mo!$C:$C,RIGHT(D$2,5))+SUMIFS(Durum_Mo!$D:$D,Durum_Mo!$B:$B,"Exports",Durum_Mo!$C:$C,RIGHT(D$2,5))+SUMIFS(Durum_Mo!$D:$D,Durum_Mo!$B:$B,"Food & Processing",Durum_Mo!$C:$C,RIGHT(D$2,5))+SUMIFS(Durum_Mo!$D:$D,Durum_Mo!$B:$B,"FSR",Durum_Mo!$C:$C,RIGHT(D$2,5))+SUMIFS(Durum_Mo!$D:$D,Durum_Mo!$B:$B,"Seed",Durum_Mo!$C:$C,RIGHT(D$2,5)) -> 1544.9 | E8: =D19 -> 1608.6 | F8: =E19 -> 1774.1 | G8: =F19 -> 2486.9 | H8: =G19 -> 3273.4 | I8: =H19 -> 1256.8 | J8: =I19 -> 808.7 | K8: =J19 -> 2003.1 | L8: =K19 -> 2693.9 | ... Z8: =Y19 -> 668.9
A9: Durum | B9: Imports | C9: KMT | D9: =SUMIFS(Durum_Mo!$P:$P,Durum_Mo!$B:$B,"Imports",Durum_Mo!$C:$C,RIGHT(D$2,5)) -> 5.546 | E9: =SUMIFS(Durum_Mo!$P:$P,Durum_Mo!$B:$B,"Imports",Durum_Mo!$C:$C,RIGHT(E$2,5)) -> 1.344 | F9: =SUMIFS(Durum_Mo!$P:$P,Durum_Mo!$B:$B,"Imports",Durum_Mo!$C:$C,RIGHT(F$2,5)) -> 0.828 | G9: =SUMIFS(Durum_Mo!$P:$P,Durum_Mo!$B:$B,"Imports",Durum_Mo!$C:$C,RIGHT(G$2,5)) -> 3.628 | H9: =SUMIFS(Durum_Mo!$P:$P,Durum_Mo!$B:$B,"Imports",Durum_Mo!$C:$C,RIGHT(H$2,5)) -> 0.868 | I9: =SUMIFS(Durum_Mo!$P:$P,Durum_Mo!$B:$B,"Imports",Durum_Mo!$C:$C,RIGHT(I$2,5)) -> 2.926 | J9: =SUMIFS(Durum_Mo!$P:$P,Durum_Mo!$B:$B,"Imports",Durum_Mo!$C:$C,RIGHT(J$2,5)) -> 2.38 | K9: =SUMIFS(Durum_Mo!$P:$P,Durum_Mo!$B:$B,"Imports",Durum_Mo!$C:$C,RIGHT(K$2,5)) -> 2.442 | ... Z9: =SUMIFS(Durum_Mo!$P:$P,Durum_Mo!$B:$B,"Imports",Durum_Mo!$C:$C,RIGHT(Z$2,5)) -> 5.075
A10: Durum | B10: Production | C10: KMT | D10: =SUMIFS(Durum_Mo!$P:$P,Durum_Mo!$B:$B,"Production",Durum_Mo!$C:$C,RIGHT(D$2,5)) -> 3876.9 | E10: =SUMIFS(Durum_Mo!$P:$P,Durum_Mo!$B:$B,"Production",Durum_Mo!$C:$C,RIGHT(E$2,5)) -> 4211.6 | F10: =SUMIFS(Durum_Mo!$P:$P,Durum_Mo!$B:$B,"Production",Durum_Mo!$C:$C,RIGHT(F$2,5)) -> 4801.4 | G10: =SUMIFS(Durum_Mo!$P:$P,Durum_Mo!$B:$B,"Production",Durum_Mo!$C:$C,RIGHT(G$2,5)) -> 5914.6 | H10: =SUMIFS(Durum_Mo!$P:$P,Durum_Mo!$B:$B,"Production",Durum_Mo!$C:$C,RIGHT(H$2,5)) -> 3346.2 | I10: =SUMIFS(Durum_Mo!$P:$P,Durum_Mo!$B:$B,"Production",Durum_Mo!$C:$C,RIGHT(I$2,5)) -> 3681.4 | J10: =SUMIFS(Durum_Mo!$P:$P,Durum_Mo!$B:$B,"Production",Durum_Mo!$C:$C,RIGHT(J$2,5)) -> 5519.3 | K10: =SUMIFS(Durum_Mo!$P:$P,Durum_Mo!$B:$B,"Production",Durum_Mo!$C:$C,RIGHT(K$2,5)) -> 5399.6 | ... Z10: =SUMIFS(Durum_Mo!$P:$P,Durum_Mo!$B:$B,"Production",Durum_Mo!$C:$C,RIGHT(Z$2,5)) -> 6380.3
A11: Durum | B11: Total Supply | C11: KMT | D11: =D8+D9+D10 -> 5427.346 | E11: =E8+E9+E10 -> 5821.544 | F11: =F8+F9+F10 -> 6576.328 | G11: =G8+G9+G10 -> 8405.128 | H11: =H8+H9+H10 -> 6620.468 | I11: =I8+I9+I10 -> 4941.126 | J11: =J8+J9+J10 -> 6330.38 | K11: =K8+K9+K10 -> 7405.142 | ... Z11: =Z8+Z9+Z10 -> 7054.275
A13: Durum | B13: Food | C13: KMT | D13: =SUMIFS(Durum_Mo!$P:$P,Durum_Mo!$B:$B,"Food",Durum_Mo!$C:$C,RIGHT(D$2,5)) -> 276.3 | E13: =SUMIFS(Durum_Mo!$P:$P,Durum_Mo!$B:$B,"Food",Durum_Mo!$C:$C,RIGHT(E$2,5)) -> 251.5 | F13: =SUMIFS(Durum_Mo!$P:$P,Durum_Mo!$B:$B,"Food",Durum_Mo!$C:$C,RIGHT(F$2,5)) -> 254.2 | G13: =SUMIFS(Durum_Mo!$P:$P,Durum_Mo!$B:$B,"Food",Durum_Mo!$C:$C,RIGHT(G$2,5)) -> 248.1 | H13: =SUMIFS(Durum_Mo!$P:$P,Durum_Mo!$B:$B,"Food",Durum_Mo!$C:$C,RIGHT(H$2,5)) -> 256.5 | I13: =SUMIFS(Durum_Mo!$P:$P,Durum_Mo!$B:$B,"Food",Durum_Mo!$C:$C,RIGHT(I$2,5)) -> 228.5 | J13: =SUMIFS(Durum_Mo!$P:$P,Durum_Mo!$B:$B,"Food",Durum_Mo!$C:$C,RIGHT(J$2,5)) -> 236.3 | K13: =SUMIFS(Durum_Mo!$P:$P,Durum_Mo!$B:$B,"Food",Durum_Mo!$C:$C,RIGHT(K$2,5)) -> 260.8 | ... Z13: =SUMIFS(Durum_Mo!$P:$P,Durum_Mo!$B:$B,"Food",Durum_Mo!$C:$C,RIGHT(Z$2,5)) -> 192.9
A14: Durum | B14: Industrial | C14: KMT | D14: =SUMIFS(Durum_Mo!$P:$P,Durum_Mo!$B:$B,"Industrial",Durum_Mo!$C:$C,RIGHT(D$2,5)) -> 0 | E14: =SUMIFS(Durum_Mo!$P:$P,Durum_Mo!$B:$B,"Industrial",Durum_Mo!$C:$C,RIGHT(E$2,5)) -> 0 | F14: =SUMIFS(Durum_Mo!$P:$P,Durum_Mo!$B:$B,"Industrial",Durum_Mo!$C:$C,RIGHT(F$2,5)) -> 0 | G14: =SUMIFS(Durum_Mo!$P:$P,Durum_Mo!$B:$B,"Industrial",Durum_Mo!$C:$C,RIGHT(G$2,5)) -> 0 | H14: =SUMIFS(Durum_Mo!$P:$P,Durum_Mo!$B:$B,"Industrial",Durum_Mo!$C:$C,RIGHT(H$2,5)) -> 0 | I14: =SUMIFS(Durum_Mo!$P:$P,Durum_Mo!$B:$B,"Industrial",Durum_Mo!$C:$C,RIGHT(I$2,5)) -> 0 | J14: =SUMIFS(Durum_Mo!$P:$P,Durum_Mo!$B:$B,"Industrial",Durum_Mo!$C:$C,RIGHT(J$2,5)) -> 0 | K14: =SUMIFS(Durum_Mo!$P:$P,Durum_Mo!$B:$B,"Industrial",Durum_Mo!$C:$C,RIGHT(K$2,5)) -> 0 | ... Z14: =SUMIFS(Durum_Mo!$P:$P,Durum_Mo!$B:$B,"Industrial",Durum_Mo!$C:$C,RIGHT(Z$2,5)) -> 0
A15: Durum | B15: FSR | C15: KMT | D15: =SUMIFS(Durum_Mo!$P:$P,Durum_Mo!$B:$B,"FSR",Durum_Mo!$C:$C,RIGHT(D$2,5))+SUMIFS(Durum_Mo!$P:$P,Durum_Mo!$B:$B,"Seed",Durum_Mo!$C:$C,RIGHT(D$2,5)) -> 557.432 | E15: =SUMIFS(Durum_Mo!$P:$P,Durum_Mo!$B:$B,"FSR",Durum_Mo!$C:$C,RIGHT(E$2,5))+SUMIFS(Durum_Mo!$P:$P,Durum_Mo!$B:$B,"Seed",Durum_Mo!$C:$C,RIGHT(E$2,5)) -> 354.756 | F15: =SUMIFS(Durum_Mo!$P:$P,Durum_Mo!$B:$B,"FSR",Durum_Mo!$C:$C,RIGHT(F$2,5))+SUMIFS(Durum_Mo!$P:$P,Durum_Mo!$B:$B,"Seed",Durum_Mo!$C:$C,RIGHT(F$2,5)) -> 648.326 | G15: =SUMIFS(Durum_Mo!$P:$P,Durum_Mo!$B:$B,"FSR",Durum_Mo!$C:$C,RIGHT(G$2,5))+SUMIFS(Durum_Mo!$P:$P,Durum_Mo!$B:$B,"Seed",Durum_Mo!$C:$C,RIGHT(G$2,5)) -> 732.182 | H15: =SUMIFS(Durum_Mo!$P:$P,Durum_Mo!$B:$B,"FSR",Durum_Mo!$C:$C,RIGHT(H$2,5))+SUMIFS(Durum_Mo!$P:$P,Durum_Mo!$B:$B,"Seed",Durum_Mo!$C:$C,RIGHT(H$2,5)) -> 649.592 | I15: =SUMIFS(Durum_Mo!$P:$P,Durum_Mo!$B:$B,"FSR",Durum_Mo!$C:$C,RIGHT(I$2,5))+SUMIFS(Durum_Mo!$P:$P,Durum_Mo!$B:$B,"Seed",Durum_Mo!$C:$C,RIGHT(I$2,5)) -> 713.158 | J15: =SUMIFS(Durum_Mo!$P:$P,Durum_Mo!$B:$B,"FSR",Durum_Mo!$C:$C,RIGHT(J$2,5))+SUMIFS(Durum_Mo!$P:$P,Durum_Mo!$B:$B,"Seed",Durum_Mo!$C:$C,RIGHT(J$2,5)) -> 408.834 | K15: =SUMIFS(Durum_Mo!$P:$P,Durum_Mo!$B:$B,"FSR",Durum_Mo!$C:$C,RIGHT(K$2,5))+SUMIFS(Durum_Mo!$P:$P,Durum_Mo!$B:$B,"Seed",Durum_Mo!$C:$C,RIGHT(K$2,5)) -> 1566.956 | ... Z15: =SUMIFS(Durum_Mo!$P:$P,Durum_Mo!$B:$B,"FSR",Durum_Mo!$C:$C,RIGHT(Z$2,5))+SUMIFS(Durum_Mo!$P:$P,Durum_Mo!$B:$B,"Seed",Durum_Mo!$C:$C,RIGHT(Z$2,5)) -> 549.981
A16: Durum | B16: Exports | C16: KMT | D16: =SUMIFS(Durum_Mo!$P:$P,Durum_Mo!$B:$B,"Exports",Durum_Mo!$C:$C,RIGHT(D$2,5)) -> 2985.014 | E16: =SUMIFS(Durum_Mo!$P:$P,Durum_Mo!$B:$B,"Exports",Durum_Mo!$C:$C,RIGHT(E$2,5)) -> 3441.188 | F16: =SUMIFS(Durum_Mo!$P:$P,Durum_Mo!$B:$B,"Exports",Durum_Mo!$C:$C,RIGHT(F$2,5)) -> 3186.902 | G16: =SUMIFS(Durum_Mo!$P:$P,Durum_Mo!$B:$B,"Exports",Durum_Mo!$C:$C,RIGHT(G$2,5)) -> 4151.446 | H16: =SUMIFS(Durum_Mo!$P:$P,Durum_Mo!$B:$B,"Exports",Durum_Mo!$C:$C,RIGHT(H$2,5)) -> 4457.576 | I16: =SUMIFS(Durum_Mo!$P:$P,Durum_Mo!$B:$B,"Exports",Durum_Mo!$C:$C,RIGHT(I$2,5)) -> 3190.768 | J16: =SUMIFS(Durum_Mo!$P:$P,Durum_Mo!$B:$B,"Exports",Durum_Mo!$C:$C,RIGHT(J$2,5)) -> 3682.146 | K16: =SUMIFS(Durum_Mo!$P:$P,Durum_Mo!$B:$B,"Exports",Durum_Mo!$C:$C,RIGHT(K$2,5)) -> 2883.486 | ... Z16: =SUMIFS(Durum_Mo!$P:$P,Durum_Mo!$B:$B,"Exports",Durum_Mo!$C:$C,RIGHT(Z$2,5)) -> 5799.494
A17: Durum | B17: Total Disposition | C17: KMT | D17: =D13+D14+D15+D16 -> 3818.746 | E17: =E13+E14+E15+E16 -> 4047.444 | F17: =F13+F14+F15+F16 -> 4089.428 | G17: =G13+G14+G15+G16 -> 5131.728 | H17: =H13+H14+H15+H16 -> 5363.668 | I17: =I13+I14+I15+I16 -> 4132.426 | J17: =J13+J14+J15+J16 -> 4327.28 | K17: =K13+K14+K15+K16 -> 4711.242 | ... Z17: =Z13+Z14+Z15+Z16 -> 6542.375
A19: Durum | B19: Ending Stocks | C19: KMT | D19: =D11-D17 -> 1608.6 | E19: =E11-E17 -> 1774.1 | F19: =F11-F17 -> 2486.9 | G19: =G11-G17 -> 3273.4 | H19: =H11-H17 -> 1256.8 | I19: =I11-I17 -> 808.7 | J19: =J11-J17 -> 2003.1 | K19: =K11-K17 -> 2693.9 | ... Z19: =Z11-Z17 -> 511.9
A20: Durum | B20: Stocks-to-Use | C20: % | D20: =IF(D17<>0,D19/D17,"") -> 0.42123776 | E20: =IF(E17<>0,E19/E17,"") -> 0.43832602 | F20: =IF(F17<>0,F19/F17,"") -> 0.60812906 | G20: =IF(G17<>0,G19/G17,"") -> 0.63787481 | H20: =IF(H17<>0,H19/H17,"") -> 0.23431726 | I20: =IF(I17<>0,I19/I17,"") -> 0.19569618 | J20: =IF(J17<>0,J19/J17,"") -> 0.46290048 | K20: =IF(K17<>0,K19/K17,"") -> 0.57180251 | ... Z20: =IF(Z17<>0,Z19/Z17,"") -> 0.078243757
A21: Durum | B21: STU Days | C21: Days | D21: =IF(D17<>0,D19/D17*365,"") -> 153.75178 | E21: =IF(E17<>0,E19/E17*365,"") -> 159.989 | F21: =IF(F17<>0,F19/F17*365,"") -> 221.96711 | G21: =IF(G17<>0,G19/G17*365,"") -> 232.8243 | H21: =IF(H17<>0,H19/H17*365,"") -> 85.525801 | I21: =IF(I17<>0,I19/I17*365,"") -> 71.429107 | J21: =IF(J17<>0,J19/J17*365,"") -> 168.95868 | K21: =IF(K17<>0,K19/K17*365,"") -> 208.70792 | ... Z21: =IF(Z17<>0,Z19/Z17*365,"") -> 28.558971
A22: Durum | B22: CHECK | C22: KMT | D22: =D19-SUMIFS(Durum_Mo!$P:$P,Durum_Mo!$B:$B,"STOCKS",Durum_Mo!$C:$C,RIGHT(D$2,5)) -> 0 | E22: =E19-SUMIFS(Durum_Mo!$P:$P,Durum_Mo!$B:$B,"STOCKS",Durum_Mo!$C:$C,RIGHT(E$2,5)) -> 2.0463631e-12 | F22: =F19-SUMIFS(Durum_Mo!$P:$P,Durum_Mo!$B:$B,"STOCKS",Durum_Mo!$C:$C,RIGHT(F$2,5)) -> 0 | G22: =G19-SUMIFS(Durum_Mo!$P:$P,Durum_Mo!$B:$B,"STOCKS",Durum_Mo!$C:$C,RIGHT(G$2,5)) -> 9.094947e-12 | H22: =H19-SUMIFS(Durum_Mo!$P:$P,Durum_Mo!$B:$B,"STOCKS",Durum_Mo!$C:$C,RIGHT(H$2,5)) -> 8.412826e-12 | I22: =I19-SUMIFS(Durum_Mo!$P:$P,Durum_Mo!$B:$B,"STOCKS",Durum_Mo!$C:$C,RIGHT(I$2,5)) -> 7.730705e-12 | J22: =J19-SUMIFS(Durum_Mo!$P:$P,Durum_Mo!$B:$B,"STOCKS",Durum_Mo!$C:$C,RIGHT(J$2,5)) -> 5.0022209e-12 | K22: =K19-SUMIFS(Durum_Mo!$P:$P,Durum_Mo!$B:$B,"STOCKS",Durum_Mo!$C:$C,RIGHT(K$2,5)) -> 4.0927262e-12 | ... Z22: =Z19-SUMIFS(Durum_Mo!$P:$P,Durum_Mo!$B:$B,"STOCKS",Durum_Mo!$C:$C,RIGHT(Z$2,5)) -> -5.570655e-12
A25: =A22 -> Durum | B25: FS/Prod | D25: {=SUM(D13:D14/D$10)} -> 0.071268281 | E25: {=SUM(E13:E14/E$10)} -> 0.059716022 | F25: {=SUM(F13:F14/F$10)} -> 0.052942892 | G25: {=SUM(G13:G14/G$10)} -> 0.041947046 | H25: {=SUM(H13:H14/H$10)} -> 0.076654115 | I25: {=SUM(I13:I14/I$10)} -> 0.062068778 | J25: {=SUM(J13:J14/J$10)} -> 0.0428134 | K25: {=SUM(K13:K14/K$10)} -> 0.048299874 | ... Z25: {=SUM(Z13:Z14/Z$10)} -> 0.030233688
A26: =A25 -> Durum | B26: FSR/Prod | D26: =D15/D$10 -> 0.14378292 | E26: =E15/E$10 -> 0.084233071 | F26: =F15/F$10 -> 0.13502853 | G26: =G15/G$10 -> 0.12379231 | H26: =H15/H$10 -> 0.19412826 | I26: =I15/I$10 -> 0.19371924 | J26: =J15/J$10 -> 0.074073524 | K26: =K15/K$10 -> 0.29019853 | ... Z26: =Z15/Z$10 -> 0.086199865
A27: =A26 -> Durum | B27: Exp/Prod | D27: =D16/D$10 -> 0.76994867 | E27: =E16/E$10 -> 0.8170738 | F27: =F16/F$10 -> 0.66374432 | G27: =G16/G$10 -> 0.70189802 | H27: =H16/H$10 -> 1.3321308 | I27: =I16/I$10 -> 0.86672679 | J27: =J16/J$10 -> 0.66714004 | K27: =K16/K$10 -> 0.53401845 | ... Z27: =Z16/Z$10 -> 0.90896886
D29: =(D13-C13)/C13 -> #VALUE! | E29: =(E13-D13)/D13 -> -0.08975751 | F29: =(F13-E13)/E13 -> 0.010735586 | G29: =(G13-F13)/F13 -> -0.023996853 | H29: =(H13-G13)/G13 -> 0.033857316 | I29: =(I13-H13)/H13 -> -0.10916179 | J29: =(J13-I13)/I13 -> 0.034135667 | K29: =(K13-J13)/J13 -> 0.10368176 | ... Z29: =(Z13-Y13)/Y13 -> 0.0094191523
D30: =(D14-C14)/C14 -> #VALUE! | E30: =(E14-D14)/D14 -> #DIV/0! | F30: =(F14-E14)/E14 -> #DIV/0! | G30: =(G14-F14)/F14 -> #DIV/0! | H30: =(H14-G14)/G14 -> #DIV/0! | I30: =(I14-H14)/H14 -> #DIV/0! | J30: =(J14-I14)/I14 -> #DIV/0! | K30: =(K14-J14)/J14 -> #DIV/0! | ... Z30: =(Z14-Y14)/Y14 -> #DIV/0!
D31: =(D15-C15)/C15 -> #VALUE! | E31: =(E15-D15)/D15 -> -0.36358874 | F31: =(F15-E15)/E15 -> 0.82752653 | G31: =(G15-F15)/F15 -> 0.12934234 | H31: =(H15-G15)/G15 -> -0.11279982 | I31: =(I15-H15)/H15 -> 0.097855269 | J31: =(J15-I15)/I15 -> -0.42672732 | K31: =(K15-J15)/J15 -> 2.8327439 | ... Z31: =(Z15-Y15)/Y15 -> 0.25246174
D32: =(D16-C16)/C16 -> #VALUE! | E32: =(E16-D16)/D16 -> 0.15282139 | F32: =(F16-E16)/E16 -> -0.073894829 | G32: =(G16-F16)/F16 -> 0.30265882 | H32: =(H16-G16)/G16 -> 0.073740571 | I32: =(I16-H16)/H16 -> -0.28419213 | J32: =(J16-I16)/I16 -> 0.15399991 | K32: =(K16-J16)/J16 -> -0.21690069 | ... Z32: =(Z16-Y16)/Y16 -> 0.64540056

Sheet Canola_Mo
A1: Commodity | B1: Metric | C1: Crop Year | D1: AUG | E1: SEP | F1: OCT | G1: NOV | H1: DEC | I1: JAN | J1: FEB | K1: MAR | L1: APR | M1: MAY | N1: JUN | O1: JUL | P1: AUG/JUL
A2: Canola | B2: Planted Area | C2: 02-03 | D2: 9.5798 | P2: =D2 -> 9.5798
A3: Canola | B3: Planted Area | C3: 03-04 | D3: 11.7022 | P3: =D3 -> 11.7022
A4: Canola | B4: Planted Area | C4: 04-05 | D4: 12.8946 | P4: =D4 -> 12.8946
A5: Canola | B5: Planted Area | C5: 05-06 | D5: 13.2696 | P5: =D5 -> 13.2696
A6: Canola | B6: Planted Area | C6: 06-07 | D6: 13.055339 | P6: =D6 -> 13.055339
A7: Canola | B7: Planted Area | C7: 07-08 | D7: 15.771 | P7: =D7 -> 15.771
A8: Canola | B8: Planted Area | C8: 08-09 | D8: 16.1632 | P8: =D8 -> 16.1632
A9: Canola | B9: Planted Area | C9: 09-10 | D9: 16.5297 | P9: =D9 -> 16.5297
A10: Canola | B10: Planted Area | C10: 10-11 | D10: 17.5859 | P10: =D10 -> 17.5859
A11: Canola | B11: Planted Area | C11: 11-12 | D11: 18.98968 | P11: =D11 -> 18.98968
A12: Canola | B12: Planted Area | C12: 12-13 | D12: 22.176 | P12: =D12 -> 22.176
A13: Canola | B13: Planted Area | C13: 13-14 | D13: 20.4458 | P13: =D13 -> 20.4458
... A93: Canola | B93: Production | C93: 24-25 | D93: 19239.5 | P93: =D93 -> 19239.5
A94: Canola | B94: Exports | C94: 02-03 | D94: 110.128 | E94: 76.545 | F94: 302.921 | G94: 271.653 | H94: 250.428 | I94: 121.786 | J94: 172.517 | K94: 246.011 | L94: 178.539 | M94: 223.581 | N94: 242.753 | O94: 224.641 | P94: =SUM(D94:O94) -> 2421.503
A95: Canola | B95: Exports | C95: 03-04 | D95: 211.528 | E95: 298.391 | F95: 515.689 | G95: 492.864 | H95: 315.167 | I95: 237.938 | J95: 244.574 | K95: 341.281 | L95: 238.947 | M95: 279.388 | N95: 295.363 | O95: 291.413 | P95: =SUM(D95:O95) -> 3762.543
A96: Canola | B96: Exports | C96: 04-05 | D96: 184.774 | E96: 101.71 | F96: 595.667 | G96: 460.283 | H96: 316.037 | I96: 215.275 | J96: 224.963 | K96: 313.013 | L96: 287.774 | M96: 201.374 | N96: 379.36 | O96: 212.518 | P96: =SUM(D96:O96) -> 3492.748
A97: Canola | B97: Exports | C97: 05-06 | D97: 312.173 | E97: 242.812 | F97: 587.031 | G97: 451.328 | H97: 573.591 | I97: 354.796 | J97: 441.028 | K97: 610.963 | L97: 453.897 | M97: 552.746 | N97: 306.77 | O97: 523.472 | P97: =SUM(D97:O97) -> 5410.607
A98: Canola | B98: Exports | C98: 06-07 | D98: 424.326 | E98: 565.646 | F98: 534.336 | G98: 435.171 | H98: 348.661 | I98: 528.273 | J98: 362.078 | K98: 498.142 | L98: 378.435 | M98: 522.484 | N98: 394.492 | O98: 468.086 | P98: =SUM(D98:O98) -> 5460.13
A99: Canola | B99: Exports | C99: 07-08 | D99: 454.134 | E99: 501.447 | F99: 446.035 | G99: 413.339 | H99: 434.68 | I99: 565.795 | J99: 582.547 | K99: 657.934 | L99: 461.698 | M99: 452.537 | N99: 474.133 | O99: 363.886 | P99: =SUM(D99:O99) -> 5808.165
A100: Canola | B100: Exports | C100: 08-09 | D100: 470.345 | E100: 593.405 | F100: 716.45 | G100: 722.78 | H100: 606.513 | I100: 505.087 | J100: 628.35 | K100: 682.419 | L100: 886.93 | M100: 667.515 | N100: 857.088 | O100: 561.024 | P100: =SUM(D100:O100) -> 7897.906
A101: Canola | B101: Exports | C101: 09-10 | D101: 442.487 | E101: 422.537 | F101: 813.726 | G101: 770.447 | H101: 441.517 | I101: 500.829 | J101: 567.936 | K101: 848.435 | L101: 549.167 | M101: 639.695 | N101: 586.525 | O101: 588.489 | P101: =SUM(D101:O101) -> 7171.79
A102: Canola | B102: Exports | C102: 10-11 | D102: 508.364 | E102: 499.587 | F102: 783.054 | G102: 787.267 | H102: 611.296 | I102: 611.358 | J102: 687.326 | K102: 484.746 | L102: 496.229 | M102: 626.791 | N102: 425.438 | O102: 685.077 | P102: =SUM(D102:O102) -> 7206.533
A103: Canola | B103: Exports | C103: 11-12 | D103: 349.61 | E103: 746.499 | F103: 1024.729 | G103: 893.605 | H103: 857.237 | I103: 1038.209 | J103: 800.539 | K103: 777.248 | L103: 596.185 | M103: 668.659 | N103: 495.469 | O103: 447.196 | P103: =SUM(D103:O103) -> 8695.185
A104: Canola | B104: Exports | C104: 12-13 | D104: 368.876 | E104: 712.644 | F104: 1014.113 | G104: 646.14 | H104: 774.078 | I104: 598.109 | J104: 571.295 | K104: 694.252 | L104: 526.695 | M104: 590.042 | N104: 248.343 | O104: 365.233 | P104: =SUM(D104:O104) -> 7109.82
A105: Canola | B105: Exports | C105: 13-14 | D105: 264.638 | E105: 504.343 | F105: 1090.745 | G105: 834.041 | H105: 680.255 | I105: 651.871 | J105: 564.09 | K105: 925.143 | L105: 975.471 | M105: 960.725 | N105: 1004.882 | O105: 718.343 | P105: =SUM(D105:O105) -> 9174.547
... A208: Canola | B208: Seed | C208: 24-25 | D208: 0 | E208: 0 | F208: 0 | G208: 0 | H208: 0 | I208: 0 | J208: 0 | K208: 0 | L208: 0 | M208: 0 | N208: 0 | O208: 0 | P208: =SUM(D208:O208) -> 0
A209: Canola | B209: Food & Processing | C209: 02-03 | D209: =D140+D163 -> 185.40833 | E209: =E140+E163 -> 185.40833 | F209: =F140+F163 -> 185.40833 | G209: =G140+G163 -> 185.40833 | H209: =H140+H163 -> 185.40833 | I209: =I140+I163 -> 185.40833 | J209: =J140+J163 -> 185.40833 | K209: =K140+K163 -> 185.40833 | ... O209: =O140+O163 -> 185.40833 | P209: =SUM(D209:O209) -> 2224.9
A210: Canola | B210: Food & Processing | C210: 03-04 | D210: =D141+D164 -> 282.46667 | E210: =E141+E164 -> 282.46667 | F210: =F141+F164 -> 282.46667 | G210: =G141+G164 -> 282.46667 | H210: =H141+H164 -> 282.46667 | I210: =I141+I164 -> 282.46667 | J210: =J141+J164 -> 282.46667 | K210: =K141+K164 -> 282.46667 | ... O210: =O141+O164 -> 282.46667 | P210: =SUM(D210:O210) -> 3389.6
A211: Canola | B211: Food & Processing | C211: 04-05 | D211: =D142+D165 -> 252.575 | E211: =E142+E165 -> 252.575 | F211: =F142+F165 -> 252.575 | G211: =G142+G165 -> 252.575 | H211: =H142+H165 -> 252.575 | I211: =I142+I165 -> 252.575 | J211: =J142+J165 -> 252.575 | K211: =K142+K165 -> 252.575 | ... O211: =O142+O165 -> 252.575 | P211: =SUM(D211:O211) -> 3030.9
A212: Canola | B212: Food & Processing | C212: 05-06 | D212: =D143+D166 -> 285.21667 | E212: =E143+E166 -> 285.21667 | F212: =F143+F166 -> 285.21667 | G212: =G143+G166 -> 285.21667 | H212: =H143+H166 -> 285.21667 | I212: =I143+I166 -> 285.21667 | J212: =J143+J166 -> 285.21667 | K212: =K143+K166 -> 285.21667 | ... O212: =O143+O166 -> 285.21667 | P212: =SUM(D212:O212) -> 3422.6
A213: Canola | B213: Food & Processing | C213: 06-07 | D213: =D144+D167 -> 298.21667 | E213: =E144+E167 -> 298.21667 | F213: =F144+F167 -> 298.21667 | G213: =G144+G167 -> 298.21667 | H213: =H144+H167 -> 298.21667 | I213: =I144+I167 -> 298.21667 | J213: =J144+J167 -> 298.21667 | K213: =K144+K167 -> 298.21667 | ... O213: =O144+O167 -> 298.21667 | P213: =SUM(D213:O213) -> 3578.6
A214: Canola | B214: Food & Processing | C214: 07-08 | D214: =D145+D168 -> 345.36667 | E214: =E145+E168 -> 345.36667 | F214: =F145+F168 -> 345.36667 | G214: =G145+G168 -> 345.36667 | H214: =H145+H168 -> 345.36667 | I214: =I145+I168 -> 345.36667 | J214: =J145+J168 -> 345.36667 | K214: =K145+K168 -> 345.36667 | ... O214: =O145+O168 -> 345.36667 | P214: =SUM(D214:O214) -> 4144.4
A215: Canola | B215: Food & Processing | C215: 08-09 | D215: =D146+D169 -> 356.65833 | E215: =E146+E169 -> 356.65833 | F215: =F146+F169 -> 356.65833 | G215: =G146+G169 -> 356.65833 | H215: =H146+H169 -> 356.65833 | I215: =I146+I169 -> 356.65833 | J215: =J146+J169 -> 356.65833 | K215: =K146+K169 -> 356.65833 | ... O215: =O146+O169 -> 356.65833 | P215: =SUM(D215:O215) -> 4279.9
A216: Canola | B216: Food & Processing | C216: 09-10 | D216: =D147+D170 -> 398.98333 | E216: =E147+E170 -> 398.98333 | F216: =F147+F170 -> 398.98333 | G216: =G147+G170 -> 398.98333 | H216: =H147+H170 -> 398.98333 | I216: =I147+I170 -> 398.98333 | J216: =J147+J170 -> 398.98333 | K216: =K147+K170 -> 398.98333 | ... O216: =O147+O170 -> 398.98333 | P216: =SUM(D216:O216) -> 4787.8
A217: Canola | B217: Food & Processing | C217: 10-11 | D217: =D148+D171 -> 525.86667 | E217: =E148+E171 -> 525.86667 | F217: =F148+F171 -> 525.86667 | G217: =G148+G171 -> 525.86667 | H217: =H148+H171 -> 525.86667 | I217: =I148+I171 -> 525.86667 | J217: =J148+J171 -> 525.86667 | K217: =K148+K171 -> 525.86667 | ... O217: =O148+O171 -> 525.86667 | P217: =SUM(D217:O217) -> 6310.4
A218: Canola | B218: Food & Processing | C218: 11-12 | D218: =D149+D172 -> 583.275 | E218: =E149+E172 -> 583.275 | F218: =F149+F172 -> 583.275 | G218: =G149+G172 -> 583.275 | H218: =H149+H172 -> 583.275 | I218: =I149+I172 -> 583.275 | J218: =J149+J172 -> 583.275 | K218: =K149+K172 -> 583.275 | ... O218: =O149+O172 -> 583.275 | P218: =SUM(D218:O218) -> 6999.3
A219: Canola | B219: Food & Processing | C219: 12-13 | D219: =D150+D173 -> 559.73333 | E219: =E150+E173 -> 559.73333 | F219: =F150+F173 -> 559.73333 | G219: =G150+G173 -> 559.73333 | H219: =H150+H173 -> 559.73333 | I219: =I150+I173 -> 559.73333 | J219: =J150+J173 -> 559.73333 | K219: =K150+K173 -> 559.73333 | ... O219: =O150+O173 -> 559.73333 | P219: =SUM(D219:O219) -> 6716.8
A220: Canola | B220: Food & Processing | C220: 13-14 | D220: =D151+D174 -> 581.61667 | E220: =E151+E174 -> 581.61667 | F220: =F151+F174 -> 581.61667 | G220: =G151+G174 -> 581.61667 | H220: =H151+H174 -> 581.61667 | I220: =I151+I174 -> 581.61667 | J220: =J151+J174 -> 581.61667 | K220: =K151+K174 -> 581.61667 | ... O220: =O151+O174 -> 581.61667 | P220: =SUM(D220:O220) -> 6979.4
... A231: Canola | B231: Food & Processing | C231: 24-25 | D231: =D162+D185 -> 951 | E231: =E162+E185 -> 951 | F231: =F162+F185 -> 951 | G231: =G162+G185 -> 951 | H231: =H162+H185 -> 951 | I231: =I162+I185 -> 951 | J231: =J162+J185 -> 951 | K231: =K162+K185 -> 951 | ... O231: =O162+O185 -> 951 | P231: =SUM(D231:O231) -> 11412
A232: Canola | B232: FSR | C232: 02-03 | D232: 39.091583 | E232: 39.091583 | F232: 39.091583 | G232: 39.091583 | H232: 39.091583 | I232: 39.091583 | J232: 39.091583 | K232: 39.091583 | L232: 39.091583 | M232: 39.091583 | N232: 39.091583 | O232: 39.091583 | P232: =SUM(D232:O232) -> 469.099
A233: Canola | B233: FSR | C233: 03-04 | D233: 12.274083 | E233: 12.274083 | F233: 12.274083 | G233: 12.274083 | H233: 12.274083 | I233: 12.274083 | J233: 12.274083 | K233: 12.274083 | L233: 12.274083 | M233: 12.274083 | N233: 12.274083 | O233: 12.274083 | P233: =SUM(D233:O233) -> 147.289
A234: Canola | B234: FSR | C234: 04-05 | D234: 23.294583 | E234: 23.294583 | F234: 23.294583 | G234: 23.294583 | H234: 23.294583 | I234: 23.294583 | J234: 23.294583 | K234: 23.294583 | L234: 23.294583 | M234: 23.294583 | N234: 23.294583 | O234: 23.294583 | P234: =SUM(D234:O234) -> 279.535
A235: Canola | B235: FSR | C235: 05-06 | D235: 30.769083 | E235: 30.769083 | F235: 30.769083 | G235: 30.769083 | H235: 30.769083 | I235: 30.769083 | J235: 30.769083 | K235: 30.769083 | L235: 30.769083 | M235: 30.769083 | N235: 30.769083 | O235: 30.769083 | P235: =SUM(D235:O235) -> 369.229
A236: Canola | B236: FSR | C236: 06-07 | D236: 32.415083 | E236: 32.415083 | F236: 32.415083 | G236: 32.415083 | H236: 32.415083 | I236: 32.415083 | J236: 32.415083 | K236: 32.415083 | L236: 32.415083 | M236: 32.415083 | N236: 32.415083 | O236: 32.415083 | P236: =SUM(D236:O236) -> 388.981
A237: Canola | B237: FSR | C237: 07-08 | D237: 13.204167 | E237: 13.204167 | F237: 13.204167 | G237: 13.204167 | H237: 13.204167 | I237: 13.204167 | J237: 13.204167 | K237: 13.204167 | L237: 13.204167 | M237: 13.204167 | N237: 13.204167 | O237: 13.204167 | P237: =SUM(D237:O237) -> 158.45
A238: Canola | B238: FSR | C238: 08-09 | D238: 8.8014167 | E238: 8.8014167 | F238: 8.8014167 | G238: 8.8014167 | H238: 8.8014167 | I238: 8.8014167 | J238: 8.8014167 | K238: 8.8014167 | L238: 8.8014167 | M238: 8.8014167 | N238: 8.8014167 | O238: 8.8014167 | P238: =SUM(D238:O238) -> 105.617
A239: Canola | B239: FSR | C239: 09-10 | D239: 21.763667 | E239: 21.763667 | F239: 21.763667 | G239: 21.763667 | H239: 21.763667 | I239: 21.763667 | J239: 21.763667 | K239: 21.763667 | L239: 21.763667 | M239: 21.763667 | N239: 21.763667 | O239: 21.763667 | P239: =SUM(D239:O239) -> 261.164
A240: Canola | B240: FSR | C240: 10-11 | D240: 4.85175 | E240: 4.85175 | F240: 4.85175 | G240: 4.85175 | H240: 4.85175 | I240: 4.85175 | J240: 4.85175 | K240: 4.85175 | L240: 4.85175 | M240: 4.85175 | N240: 4.85175 | O240: 4.85175 | P240: =SUM(D240:O240) -> 58.221
A241: Canola | B241: FSR | C241: 11-12 | D241: 40.7155 | E241: 40.7155 | F241: 40.7155 | G241: 40.7155 | H241: 40.7155 | I241: 40.7155 | J241: 40.7155 | K241: 40.7155 | L241: 40.7155 | M241: 40.7155 | N241: 40.7155 | O241: 40.7155 | P241: =SUM(D241:O241) -> 488.586
A242: Canola | B242: FSR | C242: 12-13 | D242: 24.065667 | E242: 24.065667 | F242: 24.065667 | G242: 24.065667 | H242: 24.065667 | I242: 24.065667 | J242: 24.065667 | K242: 24.065667 | L242: 24.065667 | M242: 24.065667 | N242: 24.065667 | O242: 24.065667 | P242: =SUM(D242:O242) -> 288.788
A243: Canola | B243: FSR | C243: 13-14 | D243: 3.6029167 | E243: 3.6029167 | F243: 3.6029167 | G243: 3.6029167 | H243: 3.6029167 | I243: 3.6029167 | J243: 3.6029167 | K243: 3.6029167 | L243: 3.6029167 | M243: 3.6029167 | N243: 3.6029167 | O243: 3.6029167 | P243: =SUM(D243:O243) -> 43.235
... A254: Canola | B254: FSR | C254: 24-25 | D254: 16.601333 | E254: 16.601333 | F254: 16.601333 | G254: 16.601333 | H254: 16.601333 | I254: 16.601333 | J254: 16.601333 | K254: 16.601333 | L254: 16.601333 | M254: 16.601333 | N254: 16.601333 | O254: 16.601333 | P254: =SUM(D254:O254) -> 199.216
A255: Canola | B255: STOCKS | C255: 02-03 | D255: =1249.6+D71+D117-D94-D209-D232-D186 -> 5448.1101 | E255: =D255+E71+E117-E94-E209-E232-E186 -> 5179.0492 | F255: =E255+F71+F117-F94-F209-F232-F186 -> 4685.1402 | G255: =F255+G71+G117-G94-G209-G232-G186 -> 4211.0063 | H255: =G255+H71+H117-H94-H209-H232-H186 -> 3763.9804 | I255: =H255+I71+I117-I94-I209-I232-I186 -> 3441.2185 | J255: =I255+J71+J117-J94-J209-J232-J186 -> 3061.0856 | K255: =J255+K71+K117-K94-K209-K232-K186 -> 2600.5147 | L255: =K255+L71+L117-L94-L209-L232-L186 -> 2216.6117 | ... O255: =N255+O71+O117-O94-O209-O232-O186 -> 894.2 | P255: =O255 -> 894.2
A256: Canola | B256: STOCKS | C256: 03-04 | D256: =O255+D72+D118-D95-D210-D233-D187 -> 7177.9592 | E256: =D256+E72+E118-E95-E210-E233-E187 -> 6621.4205 | F256: =E256+F72+F118-F95-F210-F233-F187 -> 5835.0037 | G256: =F256+G72+G118-G95-G210-G233-G187 -> 5075.81 | H256: =G256+H72+H118-H95-H210-H233-H187 -> 4497.5372 | I256: =H256+I72+I118-I95-I210-I233-I187 -> 3993.3815 | J256: =I256+J72+J118-J95-J210-J233-J187 -> 3475.7167 | K256: =J256+K72+K118-K95-K210-K233-K187 -> 2858.961 | L256: =K256+L72+L118-L95-L210-L233-L187 -> 2339.9312 | ... O256: =N256+O72+O118-O95-O210-O233-O187 -> 608.6 | P256: =O256 -> 608.6
A257: Canola | B257: STOCKS | C257: 04-05 | D257: =O256+D73+D119-D96-D211-D234-D188 -> 7830.3784 | E257: =D257+E73+E119-E96-E211-E234-E188 -> 7484.9748 | F257: =E257+F73+F119-F96-F211-F234-F188 -> 6627.3243 | G257: =F257+G73+G119-G96-G211-G234-G188 -> 5899.0697 | H257: =G257+H73+H119-H96-H211-H234-H188 -> 5315.8701 | I257: =H257+I73+I119-I96-I211-I234-I188 -> 4828.1535 | J257: =I257+J73+J119-J96-J211-J234-J188 -> 4330.9509 | K257: =J257+K73+K119-K96-K211-K234-K188 -> 3749.0083 | L257: =K257+L73+L119-L96-L211-L234-L188 -> 3191.1318 | ... O257: =N257+O73+O119-O96-O211-O234-O188 -> 1586.6 | P257: =O257 -> 1586.6
A258: Canola | B258: STOCKS | C258: 05-06 | D258: =O257+D74+D120-D97-D212-D235-D189 -> 10450.735 | E258: =D258+E74+E120-E97-E212-E235-E189 -> 9918.3985 | F258: =E258+F74+F120-F97-F212-F235-F189 -> 9028.2948 | G258: =F258+G74+G120-G97-G212-G235-G189 -> 8270.522 | H258: =G258+H74+H120-H97-H212-H235-H189 -> 7389.2812 | I258: =H258+I74+I120-I97-I212-I235-I189 -> 6730.0075 | J258: =I258+J74+J120-J97-J212-J235-J189 -> 5983.6257 | K258: =J258+K74+K120-K97-K212-K235-K189 -> 5069.857 | L258: =K258+L74+L120-L97-L212-L235-L189 -> 4305.2783 | ... O258: =N258+O74+O120-O97-O212-O235-O189 -> 2007 | P258: =O258 -> 2007
A259: Canola | B259: STOCKS | C259: 06-07 | D259: =O258+D75+D121-D98-D213-D236-D190 -> 10269.747 | E259: =D259+E75+E121-E98-E213-E236-E190 -> 9395.5025 | F259: =E259+F75+F121-F98-F213-F236-F190 -> 8543.6357 | G259: =F259+G75+G121-G98-G213-G236-G190 -> 7795.101 | H259: =G259+H75+H121-H98-H213-H236-H190 -> 7135.5042 | I259: =H259+I75+I121-I98-I213-I236-I190 -> 6300.8845 | J259: =I259+J75+J121-J98-J213-J236-J190 -> 5621.3048 | K259: =J259+K75+K121-K98-K213-K236-K190 -> 4812.102 | L259: =K259+L75+L121-L98-L213-L236-L190 -> 4114.0513 | ... O259: =N259+O75+O121-O98-O213-O236-O190 -> 1782.6 | P259: =O259 -> 1782.6
A260: Canola | B260: STOCKS | C260: 07-08 | D260: =O259+D76+D122-D99-D214-D237-D191 -> 10595.904 | E260: =D260+E76+E122-E99-E214-E237-E191 -> 9756.2823 | F260: =E260+F76+F122-F99-F214-F237-F191 -> 8968.4805 | G260: =F260+G76+G122-G99-G214-G237-G191 -> 8211.4407 | H260: =G260+H76+H122-H99-H214-H237-H191 -> 7439.7498 | I260: =H260+I76+I122-I99-I214-I237-I191 -> 6533.624 | J260: =I260+J76+J122-J99-J214-J237-J191 -> 5605.4612 | K260: =J260+K76+K122-K99-K214-K237-K191 -> 4606.3433 | L260: =K260+L76+L122-L99-L214-L237-L191 -> 3801.4825 | ... O260: =N260+O76+O122-O99-O214-O237-O191 -> 1461.5 | P260: =O260 -> 1461.5
A261: Canola | B261: STOCKS | C261: 08-09 | D261: =O260+D77+D123-D100-D215-D238-D192 -> 13274.007 | E261: =D261+E77+E123-E100-E215-E238-E192 -> 12329.889 | F261: =E261+F77+F123-F100-F215-F238-F192 -> 11264.812 | G261: =F261+G77+G123-G100-G215-G238-G192 -> 10184.415 | H261: =G261+H77+H123-H100-H215-H238-H192 -> 9218.1582 | I261: =H261+I77+I123-I100-I215-I238-I192 -> 8352.3515 | J261: =I261+J77+J123-J100-J215-J238-J192 -> 7365.5017 | K261: =J261+K77+K123-K100-K215-K238-K192 -> 6328.182 | L261: =K261+L77+L123-L100-L215-L238-L192 -> 5087.1222 | ... O261: =N261+O77+O123-O100-O215-O238-O192 -> 1943.5 | P261: =O261 -> 1943.5
A262: Canola | B262: STOCKS | C262: 09-10 | D262: =O261+D78+D124-D101-D216-D239-D193 -> 14001.138 | E262: =D262+E78+E124-E101-E216-E239-E193 -> 13176.25 | F262: =E262+F78+F124-F101-F216-F239-F193 -> 11952.61 | G262: =F262+G78+G124-G101-G216-G239-G193 -> 10772.168 | H262: =G262+H78+H124-H101-H216-H239-H193 -> 9916.922 | I262: =H262+I78+I124-I101-I216-I239-I193 -> 9003.104 | J262: =I262+J78+J124-J101-J216-J239-J193 -> 8023.866 | K262: =J262+K78+K124-K101-K216-K239-K193 -> 6760.802 | L262: =K262+L78+L124-L101-L216-L239-L193 -> 5800.971 | ... O262: =N262+O78+O124-O101-O216-O239-O193 -> 2748.7 | P262: =O262 -> 2748.7
A263: Canola | B263: STOCKS | C263: 10-11 | D263: =O262+D79+D125-D102-D217-D240-D194 -> 14514.334 | E263: =D263+E79+E125-E102-E217-E240-E194 -> 13532.202 | F263: =E263+F79+F125-F102-F217-F240-F194 -> 12254.107 | G263: =F263+G79+G125-G102-G217-G240-G194 -> 10949.661 | H263: =G263+H79+H125-H102-H217-H240-H194 -> 9822.3279 | I263: =H263+I79+I125-I102-I217-I240-I194 -> 8695.9815 | J263: =I263+J79+J125-J102-J217-J240-J194 -> 7491.3981 | K263: =J263+K79+K125-K102-K217-K240-K194 -> 6497.7267 | L263: =K263+L79+L125-L102-L217-L240-L194 -> 5481.3482 | ... O263: =N263+O79+O125-O102-O217-O240-O194 -> 2185.8 | P263: =O263 -> 2185.8
A264: Canola | B264: STOCKS | C264: 11-12 | D264: =O263+D80+D126-D103-D218-D241-D195 -> 15834.267 | E264: =D264+E80+E126-E103-E218-E241-E195 -> 14479.358 | F264: =E264+F80+F126-F103-F218-F241-F195 -> 12839.321 | G264: =F264+G80+G126-G103-G218-G241-G195 -> 11328.33 | H264: =G264+H80+H126-H103-H218-H241-H195 -> 9853.1395 | I264: =H264+I80+I126-I103-I218-I241-I195 -> 8199.97 | J264: =I264+J80+J126-J103-J218-J241-J195 -> 6781.8415 | K264: =J264+K80+K126-K103-K218-K241-K195 -> 5388.258 | L264: =K264+L80+L126-L103-L218-L241-L195 -> 4175.0005 | ... O264: =N264+O80+O126-O103-O218-O241-O195 -> 707.4 | P264: =O264 -> 707.4
A265: Canola | B265: STOCKS | C265: 12-13 | D265: =O264+D81+D127-D104-D219-D242-D196 -> 13632.9 | E265: =D265+E81+E127-E104-E219-E242-E196 -> 12370.891 | F265: =E265+F81+F127-F104-F219-F242-F196 -> 10780.816 | G265: =F265+G81+G127-G104-G219-G242-G196 -> 9575.34 | H265: =G265+H81+H127-H104-H219-H242-H196 -> 8222.549 | I265: =H265+I81+I127-I104-I219-I242-I196 -> 7045.144 | J265: =I265+J81+J127-J104-J219-J242-J196 -> 5895.449 | K265: =J265+K81+K127-K104-K219-K242-K196 -> 4625.639 | L265: =K265+L81+L127-L104-L219-L242-L196 -> 3520.584 | ... O265: =N265+O81+O127-O104-O219-O242-O196 -> 588.1 | P265: =O265 -> 588.1
A266: Canola | B266: STOCKS | C266: 13-14 | D266: =O265+D82+D128-D105-D220-D243-D197 -> 18299.879 | E266: =D266+E82+E128-E105-E220-E243-E197 -> 17216.118 | F266: =E266+F82+F128-F105-F220-F243-F197 -> 15544.125 | G266: =F266+G82+G128-G105-G220-G243-G197 -> 14128.974 | H266: =G266+H82+H128-H105-H220-H243-H197 -> 12868.172 | I266: =H266+I82+I128-I105-I220-I243-I197 -> 11635.368 | J266: =I266+J82+J128-J105-J220-J243-J197 -> 10491.66 | K266: =J266+K82+K128-K105-K220-K243-K197 -> 8987.7773 | L266: =K266+L82+L128-L105-L220-L243-L197 -> 7434.2967 | ... O266: =N266+O82+O128-O105-O220-O243-O197 -> 3008 | P266: =O266 -> 3008
A267: Canola | B267: STOCKS | C267: 14-15 | D267: =O266+D83+D129-D106-D221-D244-D198 -> 17930.099 | E267: =D267+E83+E129-E106-E221-E244-E198 -> 16535.287 | F267: =E267+F83+F129-F106-F221-F244-F198 -> 15023.756 | G267: =F267+G83+G129-G106-G221-G244-G198 -> 13585.848 | H267: =G267+H83+H129-H106-H221-H244-H198 -> 12274.027 | I267: =H267+I83+I129-I106-I221-I244-I198 -> 11050.467 | J267: =I267+J83+J129-J106-J221-J244-J198 -> 9880.3334 | K267: =J267+K83+K129-K106-K221-K244-K198 -> 8477.6513 | L267: =K267+L83+L129-L106-L221-L244-L198 -> 6927.2772 | ... O267: =N267+O83+O129-O106-O221-O244-O198 -> 2573.3 | P267: =O267 -> 2573.3
... A277: Canola | B277: STOCKS | C277: 24-25 | D277: =O276+D93+D139-D116-D231-D254-D208 -> 20528.666 | E277: =D277+E93+E139-E116-E231-E254-E208 -> 18869.373 | F277: =E277+F93+F139-F116-F231-F254-F208 -> 16736.986 | G277: =F277+G93+G139-G116-G231-G254-G208 -> 14915.943 | H277: =G277+H93+H139-H116-H231-H254-H208 -> 13304.043 | I277: =H277+I93+I139-I116-I231-I254-I208 -> 11476.265 | J277: =I277+J93+J139-J116-J231-J254-J208 -> 9862.3977 | K277: =J277+K93+K139-K116-K231-K254-K208 -> 8058.8883 | L277: =K277+L93+L139-L116-L231-L254-L208 -> 6177.707 | ... O277: =N277+O93+O139-O116-O231-O254-O208 -> 1597.3 | P277: =O277 -> 1597.3

Sheet Canola_Yr
A1: Canola
A2: Commodity | B2: Metric | C2: Unit | D2: 02-03 | E2: 03-04 | F2: 04-05 | G2: 05-06 | H2: 06-07 | I2: 07-08 | J2: 08-09 | K2: 09-10 | L2: 10-11 | M2: 11-12 | N2: 12-13 | O2: 13-14 | P2: 14-15 | Q2: 15-16 | R2: 16-17 | S2: 17-18 | T2: 18-19 | U2: 19-20 | V2: 20-21 | W2: 21-22 | X2: 22-23 | Y2: 23-24 | Z2: 24-25
A3: Canola | B3: Planted Area | C3: MLN AC | D3: =SUMIFS(Canola_Mo!$P:$P,Canola_Mo!$B:$B,"Planted Area",Canola_Mo!$C:$C,RIGHT(D$2,5)) -> 9.5798 | E3: =SUMIFS(Canola_Mo!$P:$P,Canola_Mo!$B:$B,"Planted Area",Canola_Mo!$C:$C,RIGHT(E$2,5)) -> 11.7022 | F3: =SUMIFS(Canola_Mo!$P:$P,Canola_Mo!$B:$B,"Planted Area",Canola_Mo!$C:$C,RIGHT(F$2,5)) -> 12.8946 | G3: =SUMIFS(Canola_Mo!$P:$P,Canola_Mo!$B:$B,"Planted Area",Canola_Mo!$C:$C,RIGHT(G$2,5)) -> 13.2696 | H3: =SUMIFS(Canola_Mo!$P:$P,Canola_Mo!$B:$B,"Planted Area",Canola_Mo!$C:$C,RIGHT(H$2,5)) -> 13.055339 | I3: =SUMIFS(Canola_Mo!$P:$P,Canola_Mo!$B:$B,"Planted Area",Canola_Mo!$C:$C,RIGHT(I$2,5)) -> 15.771 | J3: =SUMIFS(Canola_Mo!$P:$P,Canola_Mo!$B:$B,"Planted Area",Canola_Mo!$C:$C,RIGHT(J$2,5)) -> 16.1632 | K3: =SUMIFS(Canola_Mo!$P:$P,Canola_Mo!$B:$B,"Planted Area",Canola_Mo!$C:$C,RIGHT(K$2,5)) -> 16.5297 | ... Z3: =SUMIFS(Canola_Mo!$P:$P,Canola_Mo!$B:$B,"Planted Area",Canola_Mo!$C:$C,RIGHT(Z$2,5)) -> 22.0108
A4: Canola | B4: Harvested Area | C4: MLN AC | D4: =SUMIFS(Canola_Mo!$P:$P,Canola_Mo!$B:$B,"Harvested Area",Canola_Mo!$C:$C,RIGHT(D$2,5)) -> 8.9648 | E4: =SUMIFS(Canola_Mo!$P:$P,Canola_Mo!$B:$B,"Harvested Area",Canola_Mo!$C:$C,RIGHT(E$2,5)) -> 11.5872 | F4: =SUMIFS(Canola_Mo!$P:$P,Canola_Mo!$B:$B,"Harvested Area",Canola_Mo!$C:$C,RIGHT(F$2,5)) -> 12.0266 | G4: =SUMIFS(Canola_Mo!$P:$P,Canola_Mo!$B:$B,"Harvested Area",Canola_Mo!$C:$C,RIGHT(G$2,5)) -> 12.7886 | H4: =SUMIFS(Canola_Mo!$P:$P,Canola_Mo!$B:$B,"Harvested Area",Canola_Mo!$C:$C,RIGHT(H$2,5)) -> 12.9438 | I4: =SUMIFS(Canola_Mo!$P:$P,Canola_Mo!$B:$B,"Harvested Area",Canola_Mo!$C:$C,RIGHT(I$2,5)) -> 15.649 | J4: =SUMIFS(Canola_Mo!$P:$P,Canola_Mo!$B:$B,"Harvested Area",Canola_Mo!$C:$C,RIGHT(J$2,5)) -> 16.052 | K4: =SUMIFS(Canola_Mo!$P:$P,Canola_Mo!$B:$B,"Harvested Area",Canola_Mo!$C:$C,RIGHT(K$2,5)) -> 16.1017 | ... Z4: =SUMIFS(Canola_Mo!$P:$P,Canola_Mo!$B:$B,"Harvested Area",Canola_Mo!$C:$C,RIGHT(Z$2,5)) -> 21.8586
A5: Canola | B5: Proportion Harvested | C5: % | D5: =IF(D3<>0,D4/D3,"") -> 0.93580242 | E5: =IF(E3<>0,E4/E3,"") -> 0.99017279 | F5: =IF(F3<>0,F4/F3,"") -> 0.932685 | G5: =IF(G3<>0,G4/G3,"") -> 0.96375173 | H5: =IF(H3<>0,H4/H3,"") -> 0.99145645 | I5: =IF(I3<>0,I4/I3,"") -> 0.99226428 | J5: =IF(J3<>0,J4/J3,"") -> 0.99312017 | K5: =IF(K3<>0,K4/K3,"") -> 0.97410721 | ... Z5: =IF(Z3<>0,Z4/Z3,"") -> 0.99308521
A6: Canola | B6: Yield | C6: BU/AC | D6: =SUMIFS(Canola_Mo!$P:$P,Canola_Mo!$B:$B,"Yield",Canola_Mo!$C:$C,RIGHT(D$2,5)) -> 22.233641 | E6: =SUMIFS(Canola_Mo!$P:$P,Canola_Mo!$B:$B,"Yield",Canola_Mo!$C:$C,RIGHT(E$2,5)) -> 25.766288 | F6: =SUMIFS(Canola_Mo!$P:$P,Canola_Mo!$B:$B,"Yield",Canola_Mo!$C:$C,RIGHT(F$2,5)) -> 28.133322 | G6: =SUMIFS(Canola_Mo!$P:$P,Canola_Mo!$B:$B,"Yield",Canola_Mo!$C:$C,RIGHT(G$2,5)) -> 32.696496 | H6: =SUMIFS(Canola_Mo!$P:$P,Canola_Mo!$B:$B,"Yield",Canola_Mo!$C:$C,RIGHT(H$2,5)) -> 30.659136 | I6: =SUMIFS(Canola_Mo!$P:$P,Canola_Mo!$B:$B,"Yield",Canola_Mo!$C:$C,RIGHT(I$2,5)) -> 27.08016 | J6: =SUMIFS(Canola_Mo!$P:$P,Canola_Mo!$B:$B,"Yield",Canola_Mo!$C:$C,RIGHT(J$2,5)) -> 34.733694 | K6: =SUMIFS(Canola_Mo!$P:$P,Canola_Mo!$B:$B,"Yield",Canola_Mo!$C:$C,RIGHT(K$2,5)) -> 35.31984 | ... Z6: =SUMIFS(Canola_Mo!$P:$P,Canola_Mo!$B:$B,"Yield",Canola_Mo!$C:$C,RIGHT(Z$2,5)) -> 38.809332
A8: Canola | B8: Beginning Stocks | C8: KMT | D8: =SUMIFS(Canola_Mo!$D:$D,Canola_Mo!$B:$B,"STOCKS",Canola_Mo!$C:$C,RIGHT(D$2,5))-SUMIFS(Canola_Mo!$D:$D,Canola_Mo!$B:$B,"Production",Canola_Mo!$C:$C,RIGHT(D$2,5))-SUMIFS(Canola_Mo!$D:$D,Canola_Mo!$B:$B,"Imports",Canola_Mo!$C:$C,RIGHT(D$2,5))+SUMIFS(Canola_Mo!$D:$D,Canola_Mo!$B:$B,"Exports",Canola_Mo!$C:$C,RIGHT(D$2,5))+SUMIFS(Canola_Mo!$D:$D,Canola_Mo!$B:$B,"Food & Processing",Canola_Mo!$C:$C,RIGHT(D$2,5))+SUMIFS(Canola_Mo!$D:$D,Canola_Mo!$B:$B,"FSR",Canola_Mo!$C:$C,RIGHT(D$2,5))+SUMIFS(Canola_Mo!$D:$D,Canola_Mo!$B:$B,"Seed",Canola_Mo!$C:$C,RIGHT(D$2,5)) -> 1249.6 | E8: =D19 -> 894.2 | F8: =E19 -> 608.6 | G8: =F19 -> 1586.6 | H8: =G19 -> 2007 | I8: =H19 -> 1782.6 | J8: =I19 -> 1461.5 | K8: =J19 -> 1943.5 | L8: =K19 -> 2748.7 | ... Z8: =Y19 -> 3224.8
A9: Canola | B9: Imports | C9: KMT | D9: =SUMIFS(Canola_Mo!$P:$P,Canola_Mo!$B:$B,"Imports",Canola_Mo!$C:$C,RIGHT(D$2,5)) -> 239.602 | E9: =SUMIFS(Canola_Mo!$P:$P,Canola_Mo!$B:$B,"Imports",Canola_Mo!$C:$C,RIGHT(E$2,5)) -> 242.632 | F9: =SUMIFS(Canola_Mo!$P:$P,Canola_Mo!$B:$B,"Imports",Canola_Mo!$C:$C,RIGHT(F$2,5)) -> 107.583 | G9: =SUMIFS(Canola_Mo!$P:$P,Canola_Mo!$B:$B,"Imports",Canola_Mo!$C:$C,RIGHT(G$2,5)) -> 139.536 | H9: =SUMIFS(Canola_Mo!$P:$P,Canola_Mo!$B:$B,"Imports",Canola_Mo!$C:$C,RIGHT(H$2,5)) -> 203.011 | I9: =SUMIFS(Canola_Mo!$P:$P,Canola_Mo!$B:$B,"Imports",Canola_Mo!$C:$C,RIGHT(I$2,5)) -> 178.815 | J9: =SUMIFS(Canola_Mo!$P:$P,Canola_Mo!$B:$B,"Imports",Canola_Mo!$C:$C,RIGHT(J$2,5)) -> 120.523 | K9: =SUMIFS(Canola_Mo!$P:$P,Canola_Mo!$B:$B,"Imports",Canola_Mo!$C:$C,RIGHT(K$2,5)) -> 127.854 | ... Z9: =SUMIFS(Canola_Mo!$P:$P,Canola_Mo!$B:$B,"Imports",Canola_Mo!$C:$C,RIGHT(Z$2,5)) -> 130.874
A10: Canola | B10: Production | C10: KMT | D10: =SUMIFS(Canola_Mo!$P:$P,Canola_Mo!$B:$B,"Production",Canola_Mo!$C:$C,RIGHT(D$2,5)) -> 4520.5 | E10: =SUMIFS(Canola_Mo!$P:$P,Canola_Mo!$B:$B,"Production",Canola_Mo!$C:$C,RIGHT(E$2,5)) -> 6771.2 | F10: =SUMIFS(Canola_Mo!$P:$P,Canola_Mo!$B:$B,"Production",Canola_Mo!$C:$C,RIGHT(F$2,5)) -> 7673.6 | G10: =SUMIFS(Canola_Mo!$P:$P,Canola_Mo!$B:$B,"Production",Canola_Mo!$C:$C,RIGHT(G$2,5)) -> 9483.3 | H10: =SUMIFS(Canola_Mo!$P:$P,Canola_Mo!$B:$B,"Production",Canola_Mo!$C:$C,RIGHT(H$2,5)) -> 9000.3 | I10: =SUMIFS(Canola_Mo!$P:$P,Canola_Mo!$B:$B,"Production",Canola_Mo!$C:$C,RIGHT(I$2,5)) -> 9611.1 | J10: =SUMIFS(Canola_Mo!$P:$P,Canola_Mo!$B:$B,"Production",Canola_Mo!$C:$C,RIGHT(J$2,5)) -> 12644.9 | K10: =SUMIFS(Canola_Mo!$P:$P,Canola_Mo!$B:$B,"Production",Canola_Mo!$C:$C,RIGHT(K$2,5)) -> 12898.1 | ... Z10: =SUMIFS(Canola_Mo!$P:$P,Canola_Mo!$B:$B,"Production",Canola_Mo!$C:$C,RIGHT(Z$2,5)) -> 19239.5
A11: Canola | B11: Total Supply | C11: KMT | D11: =D8+D9+D10 -> 6009.702 | E11: =E8+E9+E10 -> 7908.032 | F11: =F8+F9+F10 -> 8389.783 | G11: =G8+G9+G10 -> 11209.436 | H11: =H8+H9+H10 -> 11210.311 | I11: =I8+I9+I10 -> 11572.515 | J11: =J8+J9+J10 -> 14226.923 | K11: =K8+K9+K10 -> 14969.454 | ... Z11: =Z8+Z9+Z10 -> 22595.174
A13: Canola | B13: Food | C13: KMT | D13: =SUMIFS(Canola_Mo!$P:$P,Canola_Mo!$B:$B,"Food",Canola_Mo!$C:$C,RIGHT(D$2,5)) -> 0 | E13: =SUMIFS(Canola_Mo!$P:$P,Canola_Mo!$B:$B,"Food",Canola_Mo!$C:$C,RIGHT(E$2,5)) -> 0 | F13: =SUMIFS(Canola_Mo!$P:$P,Canola_Mo!$B:$B,"Food",Canola_Mo!$C:$C,RIGHT(F$2,5)) -> 0 | G13: =SUMIFS(Canola_Mo!$P:$P,Canola_Mo!$B:$B,"Food",Canola_Mo!$C:$C,RIGHT(G$2,5)) -> 0 | H13: =SUMIFS(Canola_Mo!$P:$P,Canola_Mo!$B:$B,"Food",Canola_Mo!$C:$C,RIGHT(H$2,5)) -> 0 | I13: =SUMIFS(Canola_Mo!$P:$P,Canola_Mo!$B:$B,"Food",Canola_Mo!$C:$C,RIGHT(I$2,5)) -> 0 | J13: =SUMIFS(Canola_Mo!$P:$P,Canola_Mo!$B:$B,"Food",Canola_Mo!$C:$C,RIGHT(J$2,5)) -> 0 | K13: =SUMIFS(Canola_Mo!$P:$P,Canola_Mo!$B:$B,"Food",Canola_Mo!$C:$C,RIGHT(K$2,5)) -> 0 | ... Z13: =SUMIFS(Canola_Mo!$P:$P,Canola_Mo!$B:$B,"Food",Canola_Mo!$C:$C,RIGHT(Z$2,5)) -> 0
A14: Canola | B14: Crush | C14: KMT | D14: =SUMIFS(Canola_Mo!$P:$P,Canola_Mo!$B:$B,"Crush",Canola_Mo!$C:$C,RIGHT(D$2,5)) -> 2224.9 | E14: =SUMIFS(Canola_Mo!$P:$P,Canola_Mo!$B:$B,"Crush",Canola_Mo!$C:$C,RIGHT(E$2,5)) -> 3389.6 | F14: =SUMIFS(Canola_Mo!$P:$P,Canola_Mo!$B:$B,"Crush",Canola_Mo!$C:$C,RIGHT(F$2,5)) -> 3030.9 | G14: =SUMIFS(Canola_Mo!$P:$P,Canola_Mo!$B:$B,"Crush",Canola_Mo!$C:$C,RIGHT(G$2,5)) -> 3422.6 | H14: =SUMIFS(Canola_Mo!$P:$P,Canola_Mo!$B:$B,"Crush",Canola_Mo!$C:$C,RIGHT(H$2,5)) -> 3578.6 | I14: =SUMIFS(Canola_Mo!$P:$P,Canola_Mo!$B:$B,"Crush",Canola_Mo!$C:$C,RIGHT(I$2,5)) -> 4144.4 | J14: =SUMIFS(Canola_Mo!$P:$P,Canola_Mo!$B:$B,"Crush",Canola_Mo!$C:$C,RIGHT(J$2,5)) -> 4279.9 | K14: =SUMIFS(Canola_Mo!$P:$P,Canola_Mo!$B:$B,"Crush",Canola_Mo!$C:$C,RIGHT(K$2,5)) -> 4787.8 | ... Z14: =SUMIFS(Canola_Mo!$P:$P,Canola_Mo!$B:$B,"Crush",Canola_Mo!$C:$C,RIGHT(Z$2,5)) -> 11412
A15: Canola | B15: FSR | C15: KMT | D15: =SUMIFS(Canola_Mo!$P:$P,Canola_Mo!$B:$B,"FSR",Canola_Mo!$C:$C,RIGHT(D$2,5))+SUMIFS(Canola_Mo!$P:$P,Canola_Mo!$B:$B,"Seed",Canola_Mo!$C:$C,RIGHT(D$2,5)) -> 469.099 | E15: =SUMIFS(Canola_Mo!$P:$P,Canola_Mo!$B:$B,"FSR",Canola_Mo!$C:$C,RIGHT(E$2,5))+SUMIFS(Canola_Mo!$P:$P,Canola_Mo!$B:$B,"Seed",Canola_Mo!$C:$C,RIGHT(E$2,5)) -> 147.289 | F15: =SUMIFS(Canola_Mo!$P:$P,Canola_Mo!$B:$B,"FSR",Canola_Mo!$C:$C,RIGHT(F$2,5))+SUMIFS(Canola_Mo!$P:$P,Canola_Mo!$B:$B,"Seed",Canola_Mo!$C:$C,RIGHT(F$2,5)) -> 279.535 | G15: =SUMIFS(Canola_Mo!$P:$P,Canola_Mo!$B:$B,"FSR",Canola_Mo!$C:$C,RIGHT(G$2,5))+SUMIFS(Canola_Mo!$P:$P,Canola_Mo!$B:$B,"Seed",Canola_Mo!$C:$C,RIGHT(G$2,5)) -> 369.229 | H15: =SUMIFS(Canola_Mo!$P:$P,Canola_Mo!$B:$B,"FSR",Canola_Mo!$C:$C,RIGHT(H$2,5))+SUMIFS(Canola_Mo!$P:$P,Canola_Mo!$B:$B,"Seed",Canola_Mo!$C:$C,RIGHT(H$2,5)) -> 388.981 | I15: =SUMIFS(Canola_Mo!$P:$P,Canola_Mo!$B:$B,"FSR",Canola_Mo!$C:$C,RIGHT(I$2,5))+SUMIFS(Canola_Mo!$P:$P,Canola_Mo!$B:$B,"Seed",Canola_Mo!$C:$C,RIGHT(I$2,5)) -> 158.45 | J15: =SUMIFS(Canola_Mo!$P:$P,Canola_Mo!$B:$B,"FSR",Canola_Mo!$C:$C,RIGHT(J$2,5))+SUMIFS(Canola_Mo!$P:$P,Canola_Mo!$B:$B,"Seed",Canola_Mo!$C:$C,RIGHT(J$2,5)) -> 105.617 | K15: =SUMIFS(Canola_Mo!$P:$P,Canola_Mo!$B:$B,"FSR",Canola_Mo!$C:$C,RIGHT(K$2,5))+SUMIFS(Canola_Mo!$P:$P,Canola_Mo!$B:$B,"Seed",Canola_Mo!$C:$C,RIGHT(K$2,5)) -> 261.164 | ... Z15: =SUMIFS(Canola_Mo!$P:$P,Canola_Mo!$B:$B,"FSR",Canola_Mo!$C:$C,RIGHT(Z$2,5))+SUMIFS(Canola_Mo!$P:$P,Canola_Mo!$B:$B,"Seed",Canola_Mo!$C:$C,RIGHT(Z$2,5)) -> 199.216
A16: Canola | B16: Exports | C16: KMT | D16: =SUMIFS(Canola_Mo!$P:$P,Canola_Mo!$B:$B,"Exports",Canola_Mo!$C:$C,RIGHT(D$2,5)) -> 2421.503 | E16: =SUMIFS(Canola_Mo!$P:$P,Canola_Mo!$B:$B,"Exports",Canola_Mo!$C:$C,RIGHT(E$2,5)) -> 3762.543 | F16: =SUMIFS(Canola_Mo!$P:$P,Canola_Mo!$B:$B,"Exports",Canola_Mo!$C:$C,RIGHT(F$2,5)) -> 3492.748 | G16: =SUMIFS(Canola_Mo!$P:$P,Canola_Mo!$B:$B,"Exports",Canola_Mo!$C:$C,RIGHT(G$2,5)) -> 5410.607 | H16: =SUMIFS(Canola_Mo!$P:$P,Canola_Mo!$B:$B,"Exports",Canola_Mo!$C:$C,RIGHT(H$2,5)) -> 5460.13 | I16: =SUMIFS(Canola_Mo!$P:$P,Canola_Mo!$B:$B,"Exports",Canola_Mo!$C:$C,RIGHT(I$2,5)) -> 5808.165 | J16: =SUMIFS(Canola_Mo!$P:$P,Canola_Mo!$B:$B,"Exports",Canola_Mo!$C:$C,RIGHT(J$2,5)) -> 7897.906 | K16: =SUMIFS(Canola_Mo!$P:$P,Canola_Mo!$B:$B,"Exports",Canola_Mo!$C:$C,RIGHT(K$2,5)) -> 7171.79 | ... Z16: =SUMIFS(Canola_Mo!$P:$P,Canola_Mo!$B:$B,"Exports",Canola_Mo!$C:$C,RIGHT(Z$2,5)) -> 9386.658
A17: Canola | B17: Total Disposition | C17: KMT | D17: =D13+D14+D15+D16 -> 5115.502 | E17: =E13+E14+E15+E16 -> 7299.432 | F17: =F13+F14+F15+F16 -> 6803.183 | G17: =G13+G14+G15+G16 -> 9202.436 | H17: =H13+H14+H15+H16 -> 9427.711 | I17: =I13+I14+I15+I16 -> 10111.015 | J17: =J13+J14+J15+J16 -> 12283.423 | K17: =K13+K14+K15+K16 -> 12220.754 | ... Z17: =Z13+Z14+Z15+Z16 -> 20997.874
A19: Canola | B19: Ending Stocks | C19: KMT | D19: =D11-D17 -> 894.2 | E19: =E11-E17 -> 608.6 | F19: =F11-F17 -> 1586.6 | G19: =G11-G17 -> 2007 | H19: =H11-H17 -> 1782.6 | I19: =I11-I17 -> 1461.5 | J19: =J11-J17 -> 1943.5 | K19: =K11-K17 -> 2748.7 | ... Z19: =Z11-Z17 -> 1597.3
A20: Canola | B20: Stocks-to-Use | C20: % | D20: =IF(D17<>0,D19/D17,"") -> 0.174802 | E20: =IF(E17<>0,E19/E17,"") -> 0.08337635 | F20: =IF(F17<>0,F19/F17,"") -> 0.23321436 | G20: =IF(G17<>0,G19/G17,"") -> 0.21809443 | H20: =IF(H17<>0,H19/H17,"") -> 0.18908089 | I20: =IF(I17<>0,I19/I17,"") -> 0.14454533 | J20: =IF(J17<>0,J19/J17,"") -> 0.15822137 | K20: =IF(K17<>0,K19/K17,"") -> 0.22492066 | ... Z20: =IF(Z17<>0,Z19/Z17,"") -> 0.076069606
A21: Canola | B21: STU Days | C21: Days | D21: =IF(D17<>0,D19/D17*365,"") -> 63.802731 | E21: =IF(E17<>0,E19/E17*365,"") -> 30.432368 | F21: =IF(F17<>0,F19/F17*365,"") -> 85.123243 | G21: =IF(G17<>0,G19/G17*365,"") -> 79.604466 | H21: =IF(H17<>0,H19/H17*365,"") -> 69.014525 | I21: =IF(I17<>0,I19/I17*365,"") -> 52.759045 | J21: =IF(J17<>0,J19/J17*365,"") -> 57.7508 | K21: =IF(K17<>0,K19/K17*365,"") -> 82.096039 | ... Z21: =IF(Z17<>0,Z19/Z17*365,"") -> 27.765406
A22: Canola | B22: CHECK | C22: KMT | D22: =D19-SUMIFS(Canola_Mo!$P:$P,Canola_Mo!$B:$B,"STOCKS",Canola_Mo!$C:$C,RIGHT(D$2,5)) -> 1.5916157e-12 | E22: =E19-SUMIFS(Canola_Mo!$P:$P,Canola_Mo!$B:$B,"STOCKS",Canola_Mo!$C:$C,RIGHT(E$2,5)) -> 2.1600499e-12 | F22: =F19-SUMIFS(Canola_Mo!$P:$P,Canola_Mo!$B:$B,"STOCKS",Canola_Mo!$C:$C,RIGHT(F$2,5)) -> -1.8189894e-12 | G22: =G19-SUMIFS(Canola_Mo!$P:$P,Canola_Mo!$B:$B,"STOCKS",Canola_Mo!$C:$C,RIGHT(G$2,5)) -> 2.0463631e-12 | H22: =H19-SUMIFS(Canola_Mo!$P:$P,Canola_Mo!$B:$B,"STOCKS",Canola_Mo!$C:$C,RIGHT(H$2,5)) -> 0 | I22: =I19-SUMIFS(Canola_Mo!$P:$P,Canola_Mo!$B:$B,"STOCKS",Canola_Mo!$C:$C,RIGHT(I$2,5)) -> 0 | J22: =J19-SUMIFS(Canola_Mo!$P:$P,Canola_Mo!$B:$B,"STOCKS",Canola_Mo!$C:$C,RIGHT(J$2,5)) -> 3.6379788e-12 | K22: =K19-SUMIFS(Canola_Mo!$P:$P,Canola_Mo!$B:$B,"STOCKS",Canola_Mo!$C:$C,RIGHT(K$2,5)) -> 7.730705e-12 | ... Z22: =Z19-SUMIFS(Canola_Mo!$P:$P,Canola_Mo!$B:$B,"STOCKS",Canola_Mo!$C:$C,RIGHT(Z$2,5)) -> 3.524292e-11
A25: =A22 -> Canola | B25: FS/Prod | D25: {=SUM(D13:D14/D$10)} -> 0.49218007 | E25: {=SUM(E13:E14/E$10)} -> 0.50059074 | F25: {=SUM(F13:F14/F$10)} -> 0.39497759 | G25: {=SUM(G13:G14/G$10)} -> 0.36090812 | H25: {=SUM(H13:H14/H$10)} -> 0.39760897 | I25: {=SUM(I13:I14/I$10)} -> 0.43120975 | J25: {=SUM(J13:J14/J$10)} -> 0.33846847 | K25: {=SUM(K13:K14/K$10)} -> 0.37120196 | ... Z25: {=SUM(Z13:Z14/Z$10)} -> 0.59315471
A26: =A25 -> Canola | B26: FSR/Prod | D26: =D15/D$10 -> 0.10377149 | E26: =E15/E$10 -> 0.021752274 | F26: =F15/F$10 -> 0.036428143 | G26: =G15/G$10 -> 0.038934654 | H26: =H15/H$10 -> 0.04321867 | I26: =I15/I$10 -> 0.016486146 | J26: =J15/J$10 -> 0.0083525374 | K26: =K15/K$10 -> 0.020248254 | ... Z26: =Z15/Z$10 -> 0.010354531
A27: =A26 -> Canola | B27: Exp/Prod | D27: =D16/D$10 -> 0.5356715 | E27: =E16/E$10 -> 0.55566857 | F27: =F16/F$10 -> 0.4551642 | G27: =G16/G$10 -> 0.57054053 | H27: =H16/H$10 -> 0.60666089 | I27: =I16/I$10 -> 0.60431844 | J27: =J16/J$10 -> 0.62459221 | K27: =K16/K$10 -> 0.55603461 | ... Z27: =Z16/Z$10 -> 0.48788472
D29: =(D13-C13)/C13 -> #VALUE! | E29: =(E13-D13)/D13 -> #DIV/0! | F29: =(F13-E13)/E13 -> #DIV/0! | G29: =(G13-F13)/F13 -> #DIV/0! | H29: =(H13-G13)/G13 -> #DIV/0! | I29: =(I13-H13)/H13 -> #DIV/0! | J29: =(J13-I13)/I13 -> #DIV/0! | K29: =(K13-J13)/J13 -> #DIV/0! | ... Z29: =(Z13-Y13)/Y13 -> #DIV/0!
D30: =(D14-C14)/C14 -> #VALUE! | E30: =(E14-D14)/D14 -> 0.5234842 | F30: =(F14-E14)/E14 -> -0.1058237 | G30: =(G14-F14)/F14 -> 0.12923554 | H30: =(H14-G14)/G14 -> 0.045579384 | I30: =(I14-H14)/H14 -> 0.15810652 | J30: =(J14-I14)/I14 -> 0.032694721 | K30: =(K14-J14)/J14 -> 0.118671 | ... Z30: =(Z14-Y14)/Y14 -> 0.034360866
D31: =(D15-C15)/C15 -> #VALUE! | E31: =(E15-D15)/D15 -> -0.68601724 | F31: =(F15-E15)/E15 -> 0.89786746 | G31: =(G15-F15)/F15 -> 0.32086859 | H31: =(H15-G15)/G15 -> 0.053495256 | I31: =(I15-H15)/H15 -> -0.59265363 | J31: =(J15-I15)/I15 -> -0.33343642 | K31: =(K15-J15)/J15 -> 1.4727459 | ... Z31: =(Z15-Y15)/Y15 -> -0.62617959
D32: =(D16-C16)/C16 -> #VALUE! | E32: =(E16-D16)/D16 -> 0.55380481 | F32: =(F16-E16)/E16 -> -0.071705493 | G32: =(G16-F16)/F16 -> 0.54909744 | H32: =(H16-G16)/G16 -> 0.0091529472 | I32: =(I16-H16)/H16 -> 0.063741156 | J32: =(J16-I16)/I16 -> 0.35979367 | K32: =(K16-J16)/J16 -> -0.091937787 | ... Z32: =(Z16-Y16)/Y16 -> 0.37804476

Sheet Barley_Mo
A1: Commodity | B1: Metric | C1: Crop Year | D1: AUG | E1: SEP | F1: OCT | G1: NOV | H1: DEC | I1: JAN | J1: FEB | K1: MAR | L1: APR | M1: MAY | N1: JUN | O1: JUL | P1: AUG/JUL
A2: Barley | B2: Planted Area | C2: 02-03 | D2: 12.5287 | P2: =D2 -> 12.5287
A3: Barley | B3: Planted Area | C3: 03-04 | D3: 12.3294 | P3: =D3 -> 12.3294
A4: Barley | B4: Planted Area | C4: 04-05 | D4: 10.9522 | P4: =D4 -> 10.9522
A5: Barley | B5: Planted Area | C5: 05-06 | D5: 10.2368 | P5: =D5 -> 10.2368
A6: Barley | B6: Planted Area | C6: 06-07 | D6: 9.118 | P6: =D6 -> 9.118
A7: Barley | B7: Planted Area | C7: 07-08 | D7: 10.7848 | P7: =D7 -> 10.7848
A8: Barley | B8: Planted Area | C8: 08-09 | D8: 9.2971 | P8: =D8 -> 9.2971
A9: Barley | B9: Planted Area | C9: 09-10 | D9: 8.6482 | P9: =D9 -> 8.6482
A10: Barley | B10: Planted Area | C10: 10-11 | D10: 6.9154 | P10: =D10 -> 6.9154
A11: Barley | B11: Planted Area | C11: 11-12 | D11: 6.588845 | P11: =D11 -> 6.588845
A12: Barley | B12: Planted Area | C12: 12-13 | D12: 7.4499 | P12: =D12 -> 7.4499
A13: Barley | B13: Planted Area | C13: 13-14 | D13: 7.1987 | P13: =D13 -> 7.1987
... A93: Barley | B93: Production | C93: 24-25 | D93: 8143.9 | P93: =D93 -> 8143.9
A94: Barley | B94: Exports | C94: 02-03 | D94: 93.36 | E94: 52.202 | F94: 18.91 | G94: 47.14 | H94: 67.802 | I94: 24.4 | J94: 35.298 | K94: 10.05 | L94: 30.454 | M94: 14.568 | N94: 24.086 | O94: 9.168 | P94: =SUM(D94:O94) -> 427.438
A95: Barley | B95: Exports | C95: 03-04 | D95: 4.724 | E95: 41.924 | F95: 140.242 | G95: 206.974 | H95: 242.542 | I95: 45.678 | J95: 226.766 | K95: 208.036 | L95: 290.976 | M95: 206.878 | N95: 130.792 | O95: 108.804 | P95: =SUM(D95:O95) -> 1854.336
A96: Barley | B96: Exports | C96: 04-05 | D96: 95.898 | E96: 46.658 | F96: 95.252 | G96: 102.112 | H96: 109.682 | I96: 59.922 | J96: 175.318 | K96: 175.036 | L96: 110.226 | M96: 58.702 | N96: 37.052 | O96: 109.266 | P96: =SUM(D96:O96) -> 1175.124
A97: Barley | B97: Exports | C97: 05-06 | D97: 319.388 | E97: 183.456 | F97: 260.972 | G97: 382.998 | H97: 154.58 | I97: 373.084 | J97: 198.206 | K97: 99.116 | L97: 33.804 | M97: 99.214 | N97: 70.04 | O97: 57.144 | P97: =SUM(D97:O97) -> 2232.002
A98: Barley | B98: Exports | C98: 06-07 | D98: 79.438 | E98: 67.044 | F98: 156.908 | G98: 146.836 | H98: 133.21 | I98: 95.286 | J98: 138.728 | K98: 93.892 | L98: 99.272 | M98: 130.484 | N98: 36.842 | O98: 53.806 | P98: =SUM(D98:O98) -> 1231.746
A99: Barley | B99: Exports | C99: 07-08 | D99: 20.132 | E99: 231.252 | F99: 356.14 | G99: 373.558 | H99: 320.526 | I99: 401.25 | J99: 300.654 | K99: 199.884 | L99: 203.94 | M99: 386.54 | N99: 204.086 | O99: 47.67 | P99: =SUM(D99:O99) -> 3045.632
A100: Barley | B100: Exports | C100: 08-09 | D100: 56.918 | E100: 95.864 | F100: 122.474 | G100: 155.036 | H100: 102.296 | I100: 163.57 | J100: 163.966 | K100: 146.706 | L100: 119.846 | M100: 109.946 | N100: 115.864 | O100: 130.438 | P100: =SUM(D100:O100) -> 1482.924
A101: Barley | B101: Exports | C101: 09-10 | D101: 161.81 | E101: 126.424 | F101: 96.668 | G101: 144.604 | H101: 93.378 | I101: 64.494 | J101: 61.238 | K101: 161.506 | L101: 136.212 | M101: 58.022 | N101: 114.676 | O101: 89.76 | P101: =SUM(D101:O101) -> 1308.792
A102: Barley | B102: Exports | C102: 10-11 | D102: 107.256 | E102: 74.974 | F102: 128.98 | G102: 220.746 | H102: 130.744 | I102: 116.43 | J102: 50.612 | K102: 199.514 | L102: 80.436 | M102: 35.772 | N102: 35.424 | O102: 26.452 | P102: =SUM(D102:O102) -> 1207.34
A103: Barley | B103: Exports | C103: 11-12 | D103: 7.408 | E103: 19.502 | F103: 175.982 | G103: 213.43 | H103: 94.514 | I103: 120.595 | J103: 158.195 | K103: 180.444 | L103: 116.565 | M103: 40.108 | N103: 105.109 | O103: 67.57 | P103: =SUM(D103:O103) -> 1299.422
A104: Barley | B104: Exports | C104: 12-13 | D104: 44.859 | E104: 119.525 | F104: 188.565 | G104: 306.749 | H104: 97.678 | I104: 152.708 | J104: 154.255 | K104: 130.179 | L104: 112.261 | M104: 77.019 | N104: 29.183 | O104: 19.481 | P104: =SUM(D104:O104) -> 1432.462
A105: Barley | B105: Exports | C105: 13-14 | D105: 14.47 | E105: 33.073 | F105: 134.791 | G105: 272.744 | H105: 134.329 | I105: 50.054 | J105: 167.138 | K105: 144.705 | L105: 262.421 | M105: 144.206 | N105: 107.096 | O105: 95.749 | P105: =SUM(D105:O105) -> 1560.776
... A208: Barley | B208: Seed | C208: 24-25 | D208: 0 | E208: 0 | F208: 0 | G208: 0 | H208: 0 | I208: 0 | J208: 0 | K208: 0 | L208: 0 | M208: 0 | N208: 0 | O208: 0 | P208: =SUM(D208:O208) -> 0
A209: Barley | B209: Food & Processing | C209: 02-03 | D209: =D140+D163 -> 26.466667 | E209: =E140+E163 -> 26.466667 | F209: =F140+F163 -> 26.466667 | G209: =G140+G163 -> 26.466667 | H209: =H140+H163 -> 26.466667 | I209: =I140+I163 -> 26.466667 | J209: =J140+J163 -> 26.466667 | K209: =K140+K163 -> 26.466667 | ... O209: =O140+O163 -> 26.466667 | P209: =SUM(D209:O209) -> 317.6
A210: Barley | B210: Food & Processing | C210: 03-04 | D210: =D141+D164 -> 23.908333 | E210: =E141+E164 -> 23.908333 | F210: =F141+F164 -> 23.908333 | G210: =G141+G164 -> 23.908333 | H210: =H141+H164 -> 23.908333 | I210: =I141+I164 -> 23.908333 | J210: =J141+J164 -> 23.908333 | K210: =K141+K164 -> 23.908333 | ... O210: =O141+O164 -> 23.908333 | P210: =SUM(D210:O210) -> 286.9
A211: Barley | B211: Food & Processing | C211: 04-05 | D211: =D142+D165 -> 22.258333 | E211: =E142+E165 -> 22.258333 | F211: =F142+F165 -> 22.258333 | G211: =G142+G165 -> 22.258333 | H211: =H142+H165 -> 22.258333 | I211: =I142+I165 -> 22.258333 | J211: =J142+J165 -> 22.258333 | K211: =K142+K165 -> 22.258333 | ... O211: =O142+O165 -> 22.258333 | P211: =SUM(D211:O211) -> 267.1
A212: Barley | B212: Food & Processing | C212: 05-06 | D212: =D143+D166 -> 13.9 | E212: =E143+E166 -> 13.9 | F212: =F143+F166 -> 13.9 | G212: =G143+G166 -> 13.9 | H212: =H143+H166 -> 13.9 | I212: =I143+I166 -> 13.9 | J212: =J143+J166 -> 13.9 | K212: =K143+K166 -> 13.9 | ... O212: =O143+O166 -> 13.9 | P212: =SUM(D212:O212) -> 166.8
A213: Barley | B213: Food & Processing | C213: 06-07 | D213: =D144+D167 -> 15.941667 | E213: =E144+E167 -> 15.941667 | F213: =F144+F167 -> 15.941667 | G213: =G144+G167 -> 15.941667 | H213: =H144+H167 -> 15.941667 | I213: =I144+I167 -> 15.941667 | J213: =J144+J167 -> 15.941667 | K213: =K144+K167 -> 15.941667 | ... O213: =O144+O167 -> 15.941667 | P213: =SUM(D213:O213) -> 191.3
A214: Barley | B214: Food & Processing | C214: 07-08 | D214: =D145+D168 -> 13 | E214: =E145+E168 -> 13 | F214: =F145+F168 -> 13 | G214: =G145+G168 -> 13 | H214: =H145+H168 -> 13 | I214: =I145+I168 -> 13 | J214: =J145+J168 -> 13 | K214: =K145+K168 -> 13 | ... O214: =O145+O168 -> 13 | P214: =SUM(D214:O214) -> 156
A215: Barley | B215: Food & Processing | C215: 08-09 | D215: =D146+D169 -> 13.283333 | E215: =E146+E169 -> 13.283333 | F215: =F146+F169 -> 13.283333 | G215: =G146+G169 -> 13.283333 | H215: =H146+H169 -> 13.283333 | I215: =I146+I169 -> 13.283333 | J215: =J146+J169 -> 13.283333 | K215: =K146+K169 -> 13.283333 | ... O215: =O146+O169 -> 13.283333 | P215: =SUM(D215:O215) -> 159.4
A216: Barley | B216: Food & Processing | C216: 09-10 | D216: =D147+D170 -> 11.258333 | E216: =E147+E170 -> 11.258333 | F216: =F147+F170 -> 11.258333 | G216: =G147+G170 -> 11.258333 | H216: =H147+H170 -> 11.258333 | I216: =I147+I170 -> 11.258333 | J216: =J147+J170 -> 11.258333 | K216: =K147+K170 -> 11.258333 | ... O216: =O147+O170 -> 11.258333 | P216: =SUM(D216:O216) -> 135.1
A217: Barley | B217: Food & Processing | C217: 10-11 | D217: =D148+D171 -> 12.916667 | E217: =E148+E171 -> 12.916667 | F217: =F148+F171 -> 12.916667 | G217: =G148+G171 -> 12.916667 | H217: =H148+H171 -> 12.916667 | I217: =I148+I171 -> 12.916667 | J217: =J148+J171 -> 12.916667 | K217: =K148+K171 -> 12.916667 | ... O217: =O148+O171 -> 12.916667 | P217: =SUM(D217:O217) -> 155
A218: Barley | B218: Food & Processing | C218: 11-12 | D218: =D149+D172 -> 9.9916667 | E218: =E149+E172 -> 9.9916667 | F218: =F149+F172 -> 9.9916667 | G218: =G149+G172 -> 9.9916667 | H218: =H149+H172 -> 9.9916667 | I218: =I149+I172 -> 9.9916667 | J218: =J149+J172 -> 9.9916667 | K218: =K149+K172 -> 9.9916667 | ... O218: =O149+O172 -> 9.9916667 | P218: =SUM(D218:O218) -> 119.9
A219: Barley | B219: Food & Processing | C219: 12-13 | D219: =D150+D173 -> 11.166667 | E219: =E150+E173 -> 11.166667 | F219: =F150+F173 -> 11.166667 | G219: =G150+G173 -> 11.166667 | H219: =H150+H173 -> 11.166667 | I219: =I150+I173 -> 11.166667 | J219: =J150+J173 -> 11.166667 | K219: =K150+K173 -> 11.166667 | ... O219: =O150+O173 -> 11.166667 | P219: =SUM(D219:O219) -> 134
A220: Barley | B220: Food & Processing | C220: 13-14 | D220: =D151+D174 -> 9.5083333 | E220: =E151+E174 -> 9.5083333 | F220: =F151+F174 -> 9.5083333 | G220: =G151+G174 -> 9.5083333 | H220: =H151+H174 -> 9.5083333 | I220: =I151+I174 -> 9.5083333 | J220: =J151+J174 -> 9.5083333 | K220: =K151+K174 -> 9.5083333 | ... O220: =O151+O174 -> 9.5083333 | P220: =SUM(D220:O220) -> 114.1
... A231: Barley | B231: Food & Processing | C231: 24-25 | D231: =D162+D185 -> 7.7416667 | E231: =E162+E185 -> 7.7416667 | F231: =F162+F185 -> 7.7416667 | G231: =G162+G185 -> 7.7416667 | H231: =H162+H185 -> 7.7416667 | I231: =I162+I185 -> 7.7416667 | J231: =J162+J185 -> 7.7416667 | K231: =K162+K185 -> 7.7416667 | ... O231: =O162+O185 -> 7.7416667 | P231: =SUM(D231:O231) -> 92.9
A232: Barley | B232: FSR | C232: 02-03 | D232: 629.5185 | E232: 629.5185 | F232: 629.5185 | G232: 629.5185 | H232: 629.5185 | I232: 629.5185 | J232: 629.5185 | K232: 629.5185 | L232: 629.5185 | M232: 629.5185 | N232: 629.5185 | O232: 629.5185 | P232: =SUM(D232:O232) -> 7554.222
A233: Barley | B233: FSR | C233: 03-04 | D233: 785.93683 | E233: 785.93683 | F233: 785.93683 | G233: 785.93683 | H233: 785.93683 | I233: 785.93683 | J233: 785.93683 | K233: 785.93683 | L233: 785.93683 | M233: 785.93683 | N233: 785.93683 | O233: 785.93683 | P233: =SUM(D233:O233) -> 9431.242
A234: Barley | B234: FSR | C234: 04-05 | D234: 822.003 | E234: 822.003 | F234: 822.003 | G234: 822.003 | H234: 822.003 | I234: 822.003 | J234: 822.003 | K234: 822.003 | L234: 822.003 | M234: 822.003 | N234: 822.003 | O234: 822.003 | P234: =SUM(D234:O234) -> 9864.036
A235: Barley | B235: FSR | C235: 05-06 | D235: 789.2515 | E235: 789.2515 | F235: 789.2515 | G235: 789.2515 | H235: 789.2515 | I235: 789.2515 | J235: 789.2515 | K235: 789.2515 | L235: 789.2515 | M235: 789.2515 | N235: 789.2515 | O235: 789.2515 | P235: =SUM(D235:O235) -> 9471.018
A236: Barley | B236: FSR | C236: 06-07 | D236: 832.63917 | E236: 832.63917 | F236: 832.63917 | G236: 832.63917 | H236: 832.63917 | I236: 832.63917 | J236: 832.63917 | K236: 832.63917 | L236: 832.63917 | M236: 832.63917 | N236: 832.63917 | O236: 832.63917 | P236: =SUM(D236:O236) -> 9991.67
A237: Barley | B237: FSR | C237: 07-08 | D237: 640.68717 | E237: 640.68717 | F237: 640.68717 | G237: 640.68717 | H237: 640.68717 | I237: 640.68717 | J237: 640.68717 | K237: 640.68717 | L237: 640.68717 | M237: 640.68717 | N237: 640.68717 | O237: 640.68717 | P237: =SUM(D237:O237) -> 7688.246
A238: Barley | B238: FSR | C238: 08-09 | D238: 732.49983 | E238: 732.49983 | F238: 732.49983 | G238: 732.49983 | H238: 732.49983 | I238: 732.49983 | J238: 732.49983 | K238: 732.49983 | L238: 732.49983 | M238: 732.49983 | N238: 732.49983 | O238: 732.49983 | P238: =SUM(D238:O238) -> 8789.998
A239: Barley | B239: FSR | C239: 09-10 | D239: 715.72667 | E239: 715.72667 | F239: 715.72667 | G239: 715.72667 | H239: 715.72667 | I239: 715.72667 | J239: 715.72667 | K239: 715.72667 | L239: 715.72667 | M239: 715.72667 | N239: 715.72667 | O239: 715.72667 | P239: =SUM(D239:O239) -> 8588.72
A240: Barley | B240: FSR | C240: 10-11 | D240: 608.94167 | E240: 608.94167 | F240: 608.94167 | G240: 608.94167 | H240: 608.94167 | I240: 608.94167 | J240: 608.94167 | K240: 608.94167 | L240: 608.94167 | M240: 608.94167 | N240: 608.94167 | O240: 608.94167 | P240: =SUM(D240:O240) -> 7307.3
A241: Barley | B241: FSR | C241: 11-12 | D241: 566.01575 | E241: 566.01575 | F241: 566.01575 | G241: 566.01575 | H241: 566.01575 | I241: 566.01575 | J241: 566.01575 | K241: 566.01575 | L241: 566.01575 | M241: 566.01575 | N241: 566.01575 | O241: 566.01575 | P241: =SUM(D241:O241) -> 6792.189
A242: Barley | B242: FSR | C242: 12-13 | D242: 556.40658 | E242: 556.40658 | F242: 556.40658 | G242: 556.40658 | H242: 556.40658 | I242: 556.40658 | J242: 556.40658 | K242: 556.40658 | L242: 556.40658 | M242: 556.40658 | N242: 556.40658 | O242: 556.40658 | P242: =SUM(D242:O242) -> 6676.879
A243: Barley | B243: FSR | C243: 13-14 | D243: 638.09142 | E243: 638.09142 | F243: 638.09142 | G243: 638.09142 | H243: 638.09142 | I243: 638.09142 | J243: 638.09142 | K243: 638.09142 | L243: 638.09142 | M243: 638.09142 | N243: 638.09142 | O243: 638.09142 | P243: =SUM(D243:O243) -> 7657.097
... A254: Barley | B254: FSR | C254: 24-25 | D254: 501.71225 | E254: 501.71225 | F254: 501.71225 | G254: 501.71225 | H254: 501.71225 | I254: 501.71225 | J254: 501.71225 | K254: 501.71225 | L254: 501.71225 | M254: 501.71225 | N254: 501.71225 | O254: 501.71225 | P254: =SUM(D254:O254) -> 6020.547
A255: Barley | B255: STOCKS | C255: 02-03 | D255: =2047.5+D71+D117-D94-D209-D232-D186 -> 8799.8308 | E255: =D255+E71+E117-E94-E209-E232-E186 -> 8116.1897 | F255: =E255+F71+F117-F94-F209-F232-F186 -> 7453.8265 | G255: =F255+G71+G117-G94-G209-G232-G186 -> 6783.4013 | H255: =G255+H71+H117-H94-H209-H232-H186 -> 6074.5082 | I255: =H255+I71+I117-I94-I209-I232-I186 -> 5409.665 | J255: =I255+J71+J117-J94-J209-J232-J186 -> 4741.2998 | K255: =J255+K71+K117-K94-K209-K232-K186 -> 4096.0567 | L255: =K255+L71+L117-L94-L209-L232-L186 -> 3440.7255 | ... O255: =N255+O71+O117-O94-O209-O232-O186 -> 1474.8 | P255: =O255 -> 1474.8
A256: Barley | B256: STOCKS | C256: 03-04 | D256: =O255+D72+D118-D95-D210-D233-D187 -> 12833.025 | E256: =D256+E72+E118-E95-E210-E233-E187 -> 11987.3 | F256: =E256+F72+F118-F95-F210-F233-F187 -> 11040.413 | G256: =F256+G72+G118-G95-G210-G233-G187 -> 10024.165 | H256: =G256+H72+H118-H95-H210-H233-H187 -> 8971.8982 | I256: =H256+I72+I118-I95-I210-I233-I187 -> 8117.327 | J256: =I256+J72+J118-J95-J210-J233-J187 -> 7081.9818 | K256: =J256+K72+K118-K95-K210-K233-K187 -> 6064.9447 | L256: =K256+L72+L118-L95-L210-L233-L187 -> 4967.3435 | ... O256: =N256+O72+O118-O95-O210-O233-O187 -> 2102 | P256: =O256 -> 2102
A257: Barley | B257: STOCKS | C257: 04-05 | D257: =O256+D73+D119-D96-D211-D234-D188 -> 13723.129 | E257: =D257+E73+E119-E96-E211-E234-E188 -> 12837.237 | F257: =E257+F73+F119-F96-F211-F234-F188 -> 11903.432 | G257: =F257+G73+G119-G96-G211-G234-G188 -> 10970.975 | H257: =G257+H73+H119-H96-H211-H234-H188 -> 10025.689 | I257: =H257+I73+I119-I96-I211-I234-I188 -> 9132.81 | J257: =I257+J73+J119-J96-J211-J234-J188 -> 8121.5747 | K257: =J257+K73+K119-K96-K211-K234-K188 -> 7109.4613 | L257: =K257+L73+L119-L96-L211-L234-L188 -> 6162.086 | ... O257: =N257+O73+O119-O96-O211-O234-O188 -> 3435.1 | P257: =O257 -> 3435.1
A258: Barley | B258: STOCKS | C258: 05-06 | D258: =O257+D74+D120-D97-D212-D235-D189 -> 14000.823 | E258: =D258+E74+E120-E97-E212-E235-E189 -> 13016.997 | F258: =E258+F74+F120-F97-F212-F235-F189 -> 11954.562 | G258: =F258+G74+G120-G97-G212-G235-G189 -> 10772.642 | H258: =G258+H74+H120-H97-H212-H235-H189 -> 9818.1105 | I258: =H258+I74+I120-I97-I212-I235-I189 -> 8643.093 | J258: =I258+J74+J120-J97-J212-J235-J189 -> 7647.7275 | K258: =J258+K74+K120-K97-K212-K235-K189 -> 6749.124 | L258: =K258+L74+L120-L97-L212-L235-L189 -> 5915.8885 | ... O258: =N258+O74+O120-O97-O212-O235-O189 -> 3288.7 | P258: =O258 -> 3288.7
A259: Barley | B259: STOCKS | C259: 06-07 | D259: =O258+D75+D121-D98-D213-D236-D190 -> 11941.013 | E259: =D259+E75+E121-E98-E213-E236-E190 -> 11032.024 | F259: =E259+F75+F121-F98-F213-F236-F190 -> 10027.356 | G259: =F259+G75+G121-G98-G213-G236-G190 -> 9034.0567 | H259: =G259+H75+H121-H98-H213-H236-H190 -> 8053.8178 | I259: =H259+I75+I121-I98-I213-I236-I190 -> 7117.309 | J259: =I259+J75+J121-J98-J213-J236-J190 -> 6136.7162 | K259: =J259+K75+K121-K98-K213-K236-K190 -> 5195.6413 | L259: =K259+L75+L121-L98-L213-L236-L190 -> 4249.5245 | ... O259: =N259+O75+O121-O98-O213-O236-O190 -> 1490.7 | P259: =O259 -> 1490.7
A260: Barley | B260: STOCKS | C260: 07-08 | D260: =O259+D76+D122-D99-D214-D237-D191 -> 11732.431 | E260: =D260+E76+E122-E99-E214-E237-E191 -> 10853.868 | F260: =E260+F76+F122-F99-F214-F237-F191 -> 9849.7265 | G260: =F260+G76+G122-G99-G214-G237-G191 -> 8829.8973 | H260: =G260+H76+H122-H99-H214-H237-H191 -> 7858.3862 | I260: =H260+I76+I122-I99-I214-I237-I191 -> 6809.583 | J260: =I260+J76+J122-J99-J214-J237-J191 -> 5857.3778 | K260: =J260+K76+K122-K99-K214-K237-K191 -> 5009.1787 | L260: =K260+L76+L122-L99-L214-L237-L191 -> 4156.7015 | ... O260: =N260+O76+O122-O99-O214-O237-O191 -> 1568.4 | P260: =O260 -> 1568.4
A261: Barley | B261: STOCKS | C261: 08-09 | D261: =O260+D77+D123-D100-D215-D238-D192 -> 12553.717 | E261: =D261+E77+E123-E100-E215-E238-E192 -> 11719.568 | F261: =E261+F77+F123-F100-F215-F238-F192 -> 10859.175 | G261: =F261+G77+G123-G100-G215-G238-G192 -> 9960.6093 | H261: =G261+H77+H123-H100-H215-H238-H192 -> 9113.7402 | I261: =H261+I77+I123-I100-I215-I238-I192 -> 8206.083 | J261: =I261+J77+J123-J100-J215-J238-J192 -> 7300.3158 | K261: =J261+K77+K123-K100-K215-K238-K192 -> 6411.5327 | L261: =K261+L77+L123-L100-L215-L238-L192 -> 5548.7215 | ... O261: =N261+O77+O123-O100-O215-O238-O192 -> 2963.6 | P261: =O261 -> 2963.6
A262: Barley | B262: STOCKS | C262: 09-10 | D262: =O261+D78+D124-D101-D216-D239-D193 -> 11608.471 | E262: =D262+E78+E124-E101-E216-E239-E193 -> 10759.756 | F262: =E262+F78+F124-F101-F216-F239-F193 -> 9938.401 | G262: =F262+G78+G124-G101-G216-G239-G193 -> 9069.088 | H262: =G262+H78+H124-H101-H216-H239-H193 -> 8251.631 | I262: =H262+I78+I124-I101-I216-I239-I193 -> 7464.672 | J262: =I262+J78+J124-J101-J216-J239-J193 -> 6679.527 | K262: =J262+K78+K124-K101-K216-K239-K193 -> 5796.728 | L262: =K262+L78+L124-L101-L216-L239-L193 -> 4938.969 | ... O262: =N262+O78+O124-O101-O216-O239-O193 -> 2501.6 | P262: =O262 -> 2501.6
A263: Barley | B263: STOCKS | C263: 10-11 | D263: =O262+D79+D125-D102-D217-D240-D194 -> 9400.7897 | E263: =D263+E79+E125-E102-E217-E240-E194 -> 8706.4053 | F263: =E263+F79+F125-F102-F217-F240-F194 -> 7959.013 | G263: =F263+G79+G125-G102-G217-G240-G194 -> 7116.8287 | H263: =G263+H79+H125-H102-H217-H240-H194 -> 6365.5543 | I263: =H263+I79+I125-I102-I217-I240-I194 -> 5629.264 | J263: =I263+J79+J125-J102-J217-J240-J194 -> 4961.0157 | K263: =J263+K79+K125-K102-K217-K240-K194 -> 4147.5713 | L263: =K263+L79+L125-L102-L217-L240-L194 -> 3453.275 | ... O263: =N263+O79+O125-O102-O217-O240-O194 -> 1501.9 | P263: =O263 -> 1501.9
A264: Barley | B264: STOCKS | C264: 11-12 | D264: =O263+D80+D126-D103-D218-D241-D195 -> 8817.4366 | E264: =D264+E80+E126-E103-E218-E241-E195 -> 8224.2592 | F264: =E264+F80+F126-F103-F218-F241-F195 -> 7472.9658 | G264: =F264+G80+G126-G103-G218-G241-G195 -> 6684.4183 | H264: =G264+H80+H126-H103-H218-H241-H195 -> 6014.5129 | I264: =H264+I80+I126-I103-I218-I241-I195 -> 5318.0905 | J264: =I264+J80+J126-J103-J218-J241-J195 -> 4584.0041 | K264: =J264+K80+K126-K103-K218-K241-K195 -> 3827.7527 | L264: =K264+L80+L126-L103-L218-L241-L195 -> 3135.2653 | ... O264: =N264+O80+O126-O103-O218-O241-O195 -> 1195.4 | P264: =O264 -> 1195.4
A265: Barley | B265: STOCKS | C265: 12-13 | D265: =O264+D81+D127-D104-D219-D242-D196 -> 8596.3528 | E265: =D265+E81+E127-E104-E219-E242-E196 -> 7909.5605 | F265: =E265+F81+F127-F104-F219-F242-F196 -> 7153.8003 | G265: =F265+G81+G127-G104-G219-G242-G196 -> 6279.566 | H265: =G265+H81+H127-H104-H219-H242-H196 -> 5615.2428 | I265: =H265+I81+I127-I104-I219-I242-I196 -> 4895.8795 | J265: =I265+J81+J127-J104-J219-J242-J196 -> 4174.7013 | K265: =J265+K81+K127-K104-K219-K242-K196 -> 3477.996 | L265: =K265+L81+L127-L104-L219-L242-L196 -> 2799.7808 | ... O265: =N265+O81+O127-O104-O219-O242-O196 -> 983.4 | P265: =O265 -> 983.4
A266: Barley | B266: STOCKS | C266: 13-14 | D266: =O265+D82+D128-D105-D220-D243-D197 -> 10605.508 | E266: =D266+E82+E128-E105-E220-E243-E197 -> 9925.1765 | F266: =E266+F82+F128-F105-F220-F243-F197 -> 9142.9078 | G266: =F266+G82+G128-G105-G220-G243-G197 -> 8222.564 | H266: =G266+H82+H128-H105-H220-H243-H197 -> 7441.2223 | I266: =H266+I82+I128-I105-I220-I243-I197 -> 6743.8875 | J266: =I266+J82+J128-J105-J220-J243-J197 -> 5929.2538 | K266: =J266+K82+K128-K105-K220-K243-K197 -> 5137.132 | L266: =K266+L82+L128-L105-L220-L243-L197 -> 4227.4303 | ... O266: =N266+O82+O128-O105-O220-O243-O197 -> 1942 | P266: =O266 -> 1942
A267: Barley | B267: STOCKS | C267: 14-15 | D267: =O266+D83+D129-D106-D221-D244-D198 -> 8418.6961 | E267: =D267+E83+E129-E106-E221-E244-E198 -> 7785.1722 | F267: =E267+F83+F129-F106-F221-F244-F198 -> 7149.6533 | G267: =F267+G83+G129-G106-G221-G244-G198 -> 6471.2773 | H267: =G267+H83+H129-H106-H221-H244-H198 -> 5771.2254 | I267: =H267+I83+I129-I106-I221-I244-I198 -> 5018.0705 | J267: =I267+J83+J129-J106-J221-J244-J198 -> 4415.3516 | K267: =J267+K83+K129-K106-K221-K244-K198 -> 3818.3347 | L267: =K267+L83+L129-L106-L221-L244-L198 -> 3202.9138 | ... O267: =N267+O83+O129-O106-O221-O244-O198 -> 1217.3 | P267: =O267 -> 1217.3
... A277: Barley | B277: STOCKS | C277: 24-25 | D277: =O276+D93+D139-D116-D231-D254-D208 -> 8682.9901 | E277: =D277+E93+E139-E116-E231-E254-E208 -> 8021.8732 | F277: =E277+F93+F139-F116-F231-F254-F208 -> 7145.3523 | G277: =F277+G93+G139-G116-G231-G254-G208 -> 6344.8743 | H277: =G277+H93+H139-H116-H231-H254-H208 -> 5668.1664 | I277: =H277+I93+I139-I116-I231-I254-I208 -> 5124.4475 | J277: =I277+J93+J139-J116-J231-J254-J208 -> 4512.4126 | K277: =J277+K93+K139-K116-K231-K254-K208 -> 3790.9227 | L277: =K277+L93+L139-L116-L231-L254-L208 -> 3101.7528 | ... O277: =N277+O93+O139-O116-O231-O254-O208 -> 1248.7 | P277: =O277 -> 1248.7

Sheet Barley_Yr
A1: Barley
A2: Commodity | B2: Metric | C2: Unit | D2: 02-03 | E2: 03-04 | F2: 04-05 | G2: 05-06 | H2: 06-07 | I2: 07-08 | J2: 08-09 | K2: 09-10 | L2: 10-11 | M2: 11-12 | N2: 12-13 | O2: 13-14 | P2: 14-15 | Q2: 15-16 | R2: 16-17 | S2: 17-18 | T2: 18-19 | U2: 19-20 | V2: 20-21 | W2: 21-22 | X2: 22-23 | Y2: 23-24 | Z2: 24-25
A3: Barley | B3: Planted Area | C3: MLN AC | D3: =SUMIFS(Barley_Mo!$P:$P,Barley_Mo!$B:$B,"Planted Area",Barley_Mo!$C:$C,RIGHT(D$2,5)) -> 12.5287 | E3: =SUMIFS(Barley_Mo!$P:$P,Barley_Mo!$B:$B,"Planted Area",Barley_Mo!$C:$C,RIGHT(E$2,5)) -> 12.3294 | F3: =SUMIFS(Barley_Mo!$P:$P,Barley_Mo!$B:$B,"Planted Area",Barley_Mo!$C:$C,RIGHT(F$2,5)) -> 10.9522 | G3: =SUMIFS(Barley_Mo!$P:$P,Barley_Mo!$B:$B,"Planted Area",Barley_Mo!$C:$C,RIGHT(G$2,5)) -> 10.2368 | H3: =SUMIFS(Barley_Mo!$P:$P,Barley_Mo!$B:$B,"Planted Area",Barley_Mo!$C:$C,RIGHT(H$2,5)) -> 9.118 | I3: =SUMIFS(Barley_Mo!$P:$P,Barley_Mo!$B:$B,"Planted Area",Barley_Mo!$C:$C,RIGHT(I$2,5)) -> 10.7848 | J3: =SUMIFS(Barley_Mo!$P:$P,Barley_Mo!$B:$B,"Planted Area",Barley_Mo!$C:$C,RIGHT(J$2,5)) -> 9.2971 | K3: =SUMIFS(Barley_Mo!$P:$P,Barley_Mo!$B:$B,"Planted Area",Barley_Mo!$C:$C,RIGHT(K$2,5)) -> 8.6482 | ... Z3: =SUMIFS(Barley_Mo!$P:$P,Barley_Mo!$B:$B,"Planted Area",Barley_Mo!$C:$C,RIGHT(Z$2,5)) -> 6.4054
A4: Barley | B4: Harvested Area | C4: MLN AC | D4: =SUMIFS(Barley_Mo!$P:$P,Barley_Mo!$B:$B,"Harvested Area",Barley_Mo!$C:$C,RIGHT(D$2,5)) -> 8.2579 | E4: =SUMIFS(Barley_Mo!$P:$P,Barley_Mo!$B:$B,"Harvested Area",Barley_Mo!$C:$C,RIGHT(E$2,5)) -> 10.8655 | F4: =SUMIFS(Barley_Mo!$P:$P,Barley_Mo!$B:$B,"Harvested Area",Barley_Mo!$C:$C,RIGHT(F$2,5)) -> 9.4907 | G4: =SUMIFS(Barley_Mo!$P:$P,Barley_Mo!$B:$B,"Harvested Area",Barley_Mo!$C:$C,RIGHT(G$2,5)) -> 8.9796 | H4: =SUMIFS(Barley_Mo!$P:$P,Barley_Mo!$B:$B,"Harvested Area",Barley_Mo!$C:$C,RIGHT(H$2,5)) -> 7.964 | I4: =SUMIFS(Barley_Mo!$P:$P,Barley_Mo!$B:$B,"Harvested Area",Barley_Mo!$C:$C,RIGHT(I$2,5)) -> 9.7935 | J4: =SUMIFS(Barley_Mo!$P:$P,Barley_Mo!$B:$B,"Harvested Area",Barley_Mo!$C:$C,RIGHT(J$2,5)) -> 8.6574 | K4: =SUMIFS(Barley_Mo!$P:$P,Barley_Mo!$B:$B,"Harvested Area",Barley_Mo!$C:$C,RIGHT(K$2,5)) -> 7.2195 | ... Z4: =SUMIFS(Barley_Mo!$P:$P,Barley_Mo!$B:$B,"Harvested Area",Barley_Mo!$C:$C,RIGHT(Z$2,5)) -> 5.9156
A5: Barley | B5: Proportion Harvested | C5: % | D5: =IF(D3<>0,D4/D3,"") -> 0.65911866 | E5: =IF(E3<>0,E4/E3,"") -> 0.88126754 | F5: =IF(F3<>0,F4/F3,"") -> 0.86655649 | G5: =IF(G3<>0,G4/G3,"") -> 0.87718818 | H5: =IF(H3<>0,H4/H3,"") -> 0.87343716 | I5: =IF(I3<>0,I4/I3,"") -> 0.9080836 | J5: =IF(J3<>0,J4/J3,"") -> 0.9311936 | K5: =IF(K3<>0,K4/K3,"") -> 0.83479799 | ... Z5: =IF(Z3<>0,Z4/Z3,"") -> 0.92353327
A6: Barley | B6: Yield | C6: BU/AC | D6: =SUMIFS(Barley_Mo!$P:$P,Barley_Mo!$B:$B,"Yield",Barley_Mo!$C:$C,RIGHT(D$2,5)) -> 41.534588 | E6: =SUMIFS(Barley_Mo!$P:$P,Barley_Mo!$B:$B,"Yield",Barley_Mo!$C:$C,RIGHT(E$2,5)) -> 51.41934 | F6: =SUMIFS(Barley_Mo!$P:$P,Barley_Mo!$B:$B,"Yield",Barley_Mo!$C:$C,RIGHT(F$2,5)) -> 60.767299 | G6: =SUMIFS(Barley_Mo!$P:$P,Barley_Mo!$B:$B,"Yield",Barley_Mo!$C:$C,RIGHT(G$2,5)) -> 59.729553 | H6: =SUMIFS(Barley_Mo!$P:$P,Barley_Mo!$B:$B,"Yield",Barley_Mo!$C:$C,RIGHT(H$2,5)) -> 55.209525 | I6: =SUMIFS(Barley_Mo!$P:$P,Barley_Mo!$B:$B,"Yield",Barley_Mo!$C:$C,RIGHT(I$2,5)) -> 51.164829 | J6: =SUMIFS(Barley_Mo!$P:$P,Barley_Mo!$B:$B,"Yield",Barley_Mo!$C:$C,RIGHT(J$2,5)) -> 62.526518 | K6: =SUMIFS(Barley_Mo!$P:$P,Barley_Mo!$B:$B,"Yield",Barley_Mo!$C:$C,RIGHT(K$2,5)) -> 60.617275 | ... Z6: =SUMIFS(Barley_Mo!$P:$P,Barley_Mo!$B:$B,"Yield",Barley_Mo!$C:$C,RIGHT(Z$2,5)) -> 63.230453
A8: Barley | B8: Beginning Stocks | C8: KMT | D8: =SUMIFS(Barley_Mo!$D:$D,Barley_Mo!$B:$B,"STOCKS",Barley_Mo!$C:$C,RIGHT(D$2,5))-SUMIFS(Barley_Mo!$D:$D,Barley_Mo!$B:$B,"Production",Barley_Mo!$C:$C,RIGHT(D$2,5))-SUMIFS(Barley_Mo!$D:$D,Barley_Mo!$B:$B,"Imports",Barley_Mo!$C:$C,RIGHT(D$2,5))+SUMIFS(Barley_Mo!$D:$D,Barley_Mo!$B:$B,"Exports",Barley_Mo!$C:$C,RIGHT(D$2,5))+SUMIFS(Barley_Mo!$D:$D,Barley_Mo!$B:$B,"Food & Processing",Barley_Mo!$C:$C,RIGHT(D$2,5))+SUMIFS(Barley_Mo!$D:$D,Barley_Mo!$B:$B,"FSR",Barley_Mo!$C:$C,RIGHT(D$2,5))+SUMIFS(Barley_Mo!$D:$D,Barley_Mo!$B:$B,"Seed",Barley_Mo!$C:$C,RIGHT(D$2,5)) -> 2047.5 | E8: =D19 -> 1474.8 | F8: =E19 -> 2102 | G8: =F19 -> 3435.1 | H8: =G19 -> 3288.7 | I8: =H19 -> 1490.7 | J8: =I19 -> 1568.4 | K8: =J19 -> 2963.6 | L8: =K19 -> 2501.6 | ... Z8: =Y19 -> 1151.6
A9: Barley | B9: Imports | C9: KMT | D9: =SUMIFS(Barley_Mo!$P:$P,Barley_Mo!$B:$B,"Imports",Barley_Mo!$C:$C,RIGHT(D$2,5)) -> 258.86 | E9: =SUMIFS(Barley_Mo!$P:$P,Barley_Mo!$B:$B,"Imports",Barley_Mo!$C:$C,RIGHT(E$2,5)) -> 35.478 | F9: =SUMIFS(Barley_Mo!$P:$P,Barley_Mo!$B:$B,"Imports",Barley_Mo!$C:$C,RIGHT(F$2,5)) -> 82.66 | G9: =SUMIFS(Barley_Mo!$P:$P,Barley_Mo!$B:$B,"Imports",Barley_Mo!$C:$C,RIGHT(G$2,5)) -> 45.82 | H9: =SUMIFS(Barley_Mo!$P:$P,Barley_Mo!$B:$B,"Imports",Barley_Mo!$C:$C,RIGHT(H$2,5)) -> 43.616 | I9: =SUMIFS(Barley_Mo!$P:$P,Barley_Mo!$B:$B,"Imports",Barley_Mo!$C:$C,RIGHT(I$2,5)) -> 57.778 | J9: =SUMIFS(Barley_Mo!$P:$P,Barley_Mo!$B:$B,"Imports",Barley_Mo!$C:$C,RIGHT(J$2,5)) -> 41.722 | K9: =SUMIFS(Barley_Mo!$P:$P,Barley_Mo!$B:$B,"Imports",Barley_Mo!$C:$C,RIGHT(K$2,5)) -> 42.412 | ... Z9: =SUMIFS(Barley_Mo!$P:$P,Barley_Mo!$B:$B,"Imports",Barley_Mo!$C:$C,RIGHT(Z$2,5)) -> 168.934
A10: Barley | B10: Production | C10: KMT | D10: =SUMIFS(Barley_Mo!$P:$P,Barley_Mo!$B:$B,"Production",Barley_Mo!$C:$C,RIGHT(D$2,5)) -> 7467.7 | E10: =SUMIFS(Barley_Mo!$P:$P,Barley_Mo!$B:$B,"Production",Barley_Mo!$C:$C,RIGHT(E$2,5)) -> 12164.2 | F10: =SUMIFS(Barley_Mo!$P:$P,Barley_Mo!$B:$B,"Production",Barley_Mo!$C:$C,RIGHT(F$2,5)) -> 12556.7 | G10: =SUMIFS(Barley_Mo!$P:$P,Barley_Mo!$B:$B,"Production",Barley_Mo!$C:$C,RIGHT(G$2,5)) -> 11677.6 | H10: =SUMIFS(Barley_Mo!$P:$P,Barley_Mo!$B:$B,"Production",Barley_Mo!$C:$C,RIGHT(H$2,5)) -> 9573.1 | I10: =SUMIFS(Barley_Mo!$P:$P,Barley_Mo!$B:$B,"Production",Barley_Mo!$C:$C,RIGHT(I$2,5)) -> 10909.8 | J10: =SUMIFS(Barley_Mo!$P:$P,Barley_Mo!$B:$B,"Production",Barley_Mo!$C:$C,RIGHT(J$2,5)) -> 11785.8 | K10: =SUMIFS(Barley_Mo!$P:$P,Barley_Mo!$B:$B,"Production",Barley_Mo!$C:$C,RIGHT(K$2,5)) -> 9528.2 | ... Z10: =SUMIFS(Barley_Mo!$P:$P,Barley_Mo!$B:$B,"Production",Barley_Mo!$C:$C,RIGHT(Z$2,5)) -> 8143.9
A11: Barley | B11: Total Supply | C11: KMT | D11: =D8+D9+D10 -> 9774.06 | E11: =E8+E9+E10 -> 13674.478 | F11: =F8+F9+F10 -> 14741.36 | G11: =G8+G9+G10 -> 15158.52 | H11: =H8+H9+H10 -> 12905.416 | I11: =I8+I9+I10 -> 12458.278 | J11: =J8+J9+J10 -> 13395.922 | K11: =K8+K9+K10 -> 12534.212 | ... Z11: =Z8+Z9+Z10 -> 9464.434
A13: Barley | B13: Food | C13: KMT | D13: =SUMIFS(Barley_Mo!$P:$P,Barley_Mo!$B:$B,"Food",Barley_Mo!$C:$C,RIGHT(D$2,5)) -> 6.1 | E13: =SUMIFS(Barley_Mo!$P:$P,Barley_Mo!$B:$B,"Food",Barley_Mo!$C:$C,RIGHT(E$2,5)) -> 9 | F13: =SUMIFS(Barley_Mo!$P:$P,Barley_Mo!$B:$B,"Food",Barley_Mo!$C:$C,RIGHT(F$2,5)) -> 9.5 | G13: =SUMIFS(Barley_Mo!$P:$P,Barley_Mo!$B:$B,"Food",Barley_Mo!$C:$C,RIGHT(G$2,5)) -> 13.5 | H13: =SUMIFS(Barley_Mo!$P:$P,Barley_Mo!$B:$B,"Food",Barley_Mo!$C:$C,RIGHT(H$2,5)) -> 21.5 | I13: =SUMIFS(Barley_Mo!$P:$P,Barley_Mo!$B:$B,"Food",Barley_Mo!$C:$C,RIGHT(I$2,5)) -> 15.7 | J13: =SUMIFS(Barley_Mo!$P:$P,Barley_Mo!$B:$B,"Food",Barley_Mo!$C:$C,RIGHT(J$2,5)) -> 15.6 | K13: =SUMIFS(Barley_Mo!$P:$P,Barley_Mo!$B:$B,"Food",Barley_Mo!$C:$C,RIGHT(K$2,5)) -> 10.1 | ... Z13: =SUMIFS(Barley_Mo!$P:$P,Barley_Mo!$B:$B,"Food",Barley_Mo!$C:$C,RIGHT(Z$2,5)) -> 18.6
A14: Barley | B14: Industrial | C14: KMT | D14: =SUMIFS(Barley_Mo!$P:$P,Barley_Mo!$B:$B,"Industrial",Barley_Mo!$C:$C,RIGHT(D$2,5)) -> 311.5 | E14: =SUMIFS(Barley_Mo!$P:$P,Barley_Mo!$B:$B,"Industrial",Barley_Mo!$C:$C,RIGHT(E$2,5)) -> 277.9 | F14: =SUMIFS(Barley_Mo!$P:$P,Barley_Mo!$B:$B,"Industrial",Barley_Mo!$C:$C,RIGHT(F$2,5)) -> 257.6 | G14: =SUMIFS(Barley_Mo!$P:$P,Barley_Mo!$B:$B,"Industrial",Barley_Mo!$C:$C,RIGHT(G$2,5)) -> 153.3 | H14: =SUMIFS(Barley_Mo!$P:$P,Barley_Mo!$B:$B,"Industrial",Barley_Mo!$C:$C,RIGHT(H$2,5)) -> 169.8 | I14: =SUMIFS(Barley_Mo!$P:$P,Barley_Mo!$B:$B,"Industrial",Barley_Mo!$C:$C,RIGHT(I$2,5)) -> 140.3 | J14: =SUMIFS(Barley_Mo!$P:$P,Barley_Mo!$B:$B,"Industrial",Barley_Mo!$C:$C,RIGHT(J$2,5)) -> 143.8 | K14: =SUMIFS(Barley_Mo!$P:$P,Barley_Mo!$B:$B,"Industrial",Barley_Mo!$C:$C,RIGHT(K$2,5)) -> 125 | ... Z14: =SUMIFS(Barley_Mo!$P:$P,Barley_Mo!$B:$B,"Industrial",Barley_Mo!$C:$C,RIGHT(Z$2,5)) -> 74.3
A15: Barley | B15: FSR | C15: KMT | D15: =SUMIFS(Barley_Mo!$P:$P,Barley_Mo!$B:$B,"FSR",Barley_Mo!$C:$C,RIGHT(D$2,5))+SUMIFS(Barley_Mo!$P:$P,Barley_Mo!$B:$B,"Seed",Barley_Mo!$C:$C,RIGHT(D$2,5)) -> 7554.222 | E15: =SUMIFS(Barley_Mo!$P:$P,Barley_Mo!$B:$B,"FSR",Barley_Mo!$C:$C,RIGHT(E$2,5))+SUMIFS(Barley_Mo!$P:$P,Barley_Mo!$B:$B,"Seed",Barley_Mo!$C:$C,RIGHT(E$2,5)) -> 9431.242 | F15: =SUMIFS(Barley_Mo!$P:$P,Barley_Mo!$B:$B,"FSR",Barley_Mo!$C:$C,RIGHT(F$2,5))+SUMIFS(Barley_Mo!$P:$P,Barley_Mo!$B:$B,"Seed",Barley_Mo!$C:$C,RIGHT(F$2,5)) -> 9864.036 | G15: =SUMIFS(Barley_Mo!$P:$P,Barley_Mo!$B:$B,"FSR",Barley_Mo!$C:$C,RIGHT(G$2,5))+SUMIFS(Barley_Mo!$P:$P,Barley_Mo!$B:$B,"Seed",Barley_Mo!$C:$C,RIGHT(G$2,5)) -> 9471.018 | H15: =SUMIFS(Barley_Mo!$P:$P,Barley_Mo!$B:$B,"FSR",Barley_Mo!$C:$C,RIGHT(H$2,5))+SUMIFS(Barley_Mo!$P:$P,Barley_Mo!$B:$B,"Seed",Barley_Mo!$C:$C,RIGHT(H$2,5)) -> 9991.67 | I15: =SUMIFS(Barley_Mo!$P:$P,Barley_Mo!$B:$B,"FSR",Barley_Mo!$C:$C,RIGHT(I$2,5))+SUMIFS(Barley_Mo!$P:$P,Barley_Mo!$B:$B,"Seed",Barley_Mo!$C:$C,RIGHT(I$2,5)) -> 7688.246 | J15: =SUMIFS(Barley_Mo!$P:$P,Barley_Mo!$B:$B,"FSR",Barley_Mo!$C:$C,RIGHT(J$2,5))+SUMIFS(Barley_Mo!$P:$P,Barley_Mo!$B:$B,"Seed",Barley_Mo!$C:$C,RIGHT(J$2,5)) -> 8789.998 | K15: =SUMIFS(Barley_Mo!$P:$P,Barley_Mo!$B:$B,"FSR",Barley_Mo!$C:$C,RIGHT(K$2,5))+SUMIFS(Barley_Mo!$P:$P,Barley_Mo!$B:$B,"Seed",Barley_Mo!$C:$C,RIGHT(K$2,5)) -> 8588.72 | ... Z15: =SUMIFS(Barley_Mo!$P:$P,Barley_Mo!$B:$B,"FSR",Barley_Mo!$C:$C,RIGHT(Z$2,5))+SUMIFS(Barley_Mo!$P:$P,Barley_Mo!$B:$B,"Seed",Barley_Mo!$C:$C,RIGHT(Z$2,5)) -> 6020.547
A16: Barley | B16: Exports | C16: KMT | D16: =SUMIFS(Barley_Mo!$P:$P,Barley_Mo!$B:$B,"Exports",Barley_Mo!$C:$C,RIGHT(D$2,5)) -> 427.438 | E16: =SUMIFS(Barley_Mo!$P:$P,Barley_Mo!$B:$B,"Exports",Barley_Mo!$C:$C,RIGHT(E$2,5)) -> 1854.336 | F16: =SUMIFS(Barley_Mo!$P:$P,Barley_Mo!$B:$B,"Exports",Barley_Mo!$C:$C,RIGHT(F$2,5)) -> 1175.124 | G16: =SUMIFS(Barley_Mo!$P:$P,Barley_Mo!$B:$B,"Exports",Barley_Mo!$C:$C,RIGHT(G$2,5)) -> 2232.002 | H16: =SUMIFS(Barley_Mo!$P:$P,Barley_Mo!$B:$B,"Exports",Barley_Mo!$C:$C,RIGHT(H$2,5)) -> 1231.746 | I16: =SUMIFS(Barley_Mo!$P:$P,Barley_Mo!$B:$B,"Exports",Barley_Mo!$C:$C,RIGHT(I$2,5)) -> 3045.632 | J16: =SUMIFS(Barley_Mo!$P:$P,Barley_Mo!$B:$B,"Exports",Barley_Mo!$C:$C,RIGHT(J$2,5)) -> 1482.924 | K16: =SUMIFS(Barley_Mo!$P:$P,Barley_Mo!$B:$B,"Exports",Barley_Mo!$C:$C,RIGHT(K$2,5)) -> 1308.792 | ... Z16: =SUMIFS(Barley_Mo!$P:$P,Barley_Mo!$B:$B,"Exports",Barley_Mo!$C:$C,RIGHT(Z$2,5)) -> 2102.287
A17: Barley | B17: Total Disposition | C17: KMT | D17: =D13+D14+D15+D16 -> 8299.26 | E17: =E13+E14+E15+E16 -> 11572.478 | F17: =F13+F14+F15+F16 -> 11306.26 | G17: =G13+G14+G15+G16 -> 11869.82 | H17: =H13+H14+H15+H16 -> 11414.716 | I17: =I13+I14+I15+I16 -> 10889.878 | J17: =J13+J14+J15+J16 -> 10432.322 | K17: =K13+K14+K15+K16 -> 10032.612 | ... Z17: =Z13+Z14+Z15+Z16 -> 8215.734
A19: Barley | B19: Ending Stocks | C19: KMT | D19: =D11-D17 -> 1474.8 | E19: =E11-E17 -> 2102 | F19: =F11-F17 -> 3435.1 | G19: =G11-G17 -> 3288.7 | H19: =H11-H17 -> 1490.7 | I19: =I11-I17 -> 1568.4 | J19: =J11-J17 -> 2963.6 | K19: =K11-K17 -> 2501.6 | ... Z19: =Z11-Z17 -> 1248.7
A20: Barley | B20: Stocks-to-Use | C20: % | D20: =IF(D17<>0,D19/D17,"") -> 0.17770259 | E20: =IF(E17<>0,E19/E17,"") -> 0.18163785 | F20: =IF(F17<>0,F19/F17,"") -> 0.30382284 | G20: =IF(G17<>0,G19/G17,"") -> 0.27706402 | H20: =IF(H17<>0,H19/H17,"") -> 0.13059458 | I20: =IF(I17<>0,I19/I17,"") -> 0.14402365 | J20: =IF(J17<>0,J19/J17,"") -> 0.28407865 | K20: =IF(K17<>0,K19/K17,"") -> 0.24934683 | ... Z20: =IF(Z17<>0,Z19/Z17,"") -> 0.15198885
A21: Barley | B21: STU Days | C21: Days | D21: =IF(D17<>0,D19/D17*365,"") -> 64.861445 | E21: =IF(E17<>0,E19/E17*365,"") -> 66.297815 | F21: =IF(F17<>0,F19/F17*365,"") -> 110.89534 | G21: =IF(G17<>0,G19/G17*365,"") -> 101.12837 | H21: =IF(H17<>0,H19/H17*365,"") -> 47.66702 | I21: =IF(I17<>0,I19/I17*365,"") -> 52.568633 | J21: =IF(J17<>0,J19/J17*365,"") -> 103.68871 | K21: =IF(K17<>0,K19/K17*365,"") -> 91.011593 | ... Z21: =IF(Z17<>0,Z19/Z17*365,"") -> 55.475932
A22: Barley | B22: CHECK | C22: KMT | D22: =D19-SUMIFS(Barley_Mo!$P:$P,Barley_Mo!$B:$B,"STOCKS",Barley_Mo!$C:$C,RIGHT(D$2,5)) -> -3.6379788e-12 | E22: =E19-SUMIFS(Barley_Mo!$P:$P,Barley_Mo!$B:$B,"STOCKS",Barley_Mo!$C:$C,RIGHT(E$2,5)) -> -4.5474735e-12 | F22: =F19-SUMIFS(Barley_Mo!$P:$P,Barley_Mo!$B:$B,"STOCKS",Barley_Mo!$C:$C,RIGHT(F$2,5)) -> -5.9117156e-12 | G22: =G19-SUMIFS(Barley_Mo!$P:$P,Barley_Mo!$B:$B,"STOCKS",Barley_Mo!$C:$C,RIGHT(G$2,5)) -> -5.9117156e-12 | H22: =H19-SUMIFS(Barley_Mo!$P:$P,Barley_Mo!$B:$B,"STOCKS",Barley_Mo!$C:$C,RIGHT(H$2,5)) -> -6.3664629e-12 | I22: =I19-SUMIFS(Barley_Mo!$P:$P,Barley_Mo!$B:$B,"STOCKS",Barley_Mo!$C:$C,RIGHT(I$2,5)) -> -8.6401997e-12 | J22: =J19-SUMIFS(Barley_Mo!$P:$P,Barley_Mo!$B:$B,"STOCKS",Barley_Mo!$C:$C,RIGHT(J$2,5)) -> -6.8212103e-12 | K22: =K19-SUMIFS(Barley_Mo!$P:$P,Barley_Mo!$B:$B,"STOCKS",Barley_Mo!$C:$C,RIGHT(K$2,5)) -> -6.8212103e-12 | ... Z22: =Z19-SUMIFS(Barley_Mo!$P:$P,Barley_Mo!$B:$B,"STOCKS",Barley_Mo!$C:$C,RIGHT(Z$2,5)) -> -1.8189894e-11
A25: =A22 -> Barley | B25: FS/Prod | D25: {=SUM(D13:D14/D$10)} -> 0.042529828 | E25: {=SUM(E13:E14/E$10)} -> 0.023585604 | F25: {=SUM(F13:F14/F$10)} -> 0.021271512 | G25: {=SUM(G13:G14/G$10)} -> 0.014283757 | H25: {=SUM(H13:H14/H$10)} -> 0.019983078 | I25: {=SUM(I13:I14/I$10)} -> 0.014299071 | J25: {=SUM(J13:J14/J$10)} -> 0.01352475 | K25: {=SUM(K13:K14/K$10)} -> 0.014178963 | ... Z25: {=SUM(Z13:Z14/Z$10)} -> 0.011407311
A26: =A25 -> Barley | B26: FSR/Prod | D26: =D15/D$10 -> 1.0115862 | E26: =E15/E$10 -> 0.77532777 | F26: =F15/F$10 -> 0.78555958 | G26: =G15/G$10 -> 0.81104148 | H26: =H15/H$10 -> 1.0437236 | I26: =I15/I$10 -> 0.70471008 | J26: =J15/J$10 -> 0.74581259 | K26: =K15/K$10 -> 0.90140005 | ... Z26: =Z15/Z$10 -> 0.73927074
A27: =A26 -> Barley | B27: Exp/Prod | D27: =D16/D$10 -> 0.057238239 | E27: =E16/E$10 -> 0.15244208 | F27: =F16/F$10 -> 0.093585417 | G27: =G16/G$10 -> 0.19113534 | H27: =H16/H$10 -> 0.12866741 | I27: =I16/I$10 -> 0.27916479 | J27: =J16/J$10 -> 0.12582294 | K27: =K16/K$10 -> 0.13735984 | ... Z27: =Z16/Z$10 -> 0.25814254
D29: =(D13-C13)/C13 -> #VALUE! | E29: =(E13-D13)/D13 -> 0.47540984 | F29: =(F13-E13)/E13 -> 0.055555556 | G29: =(G13-F13)/F13 -> 0.42105263 | H29: =(H13-G13)/G13 -> 0.59259259 | I29: =(I13-H13)/H13 -> -0.26976744 | J29: =(J13-I13)/I13 -> -0.0063694268 | K29: =(K13-J13)/J13 -> -0.3525641 | ... Z29: =(Z13-Y13)/Y13 -> 0
D30: =(D14-C14)/C14 -> #VALUE! | E30: =(E14-D14)/D14 -> -0.10786517 | F30: =(F14-E14)/E14 -> -0.073047859 | G30: =(G14-F14)/F14 -> -0.4048913 | H30: =(H14-G14)/G14 -> 0.10763209 | I30: =(I14-H14)/H14 -> -0.1737338 | J30: =(J14-I14)/I14 -> 0.024946543 | K30: =(K14-J14)/J14 -> -0.13073713 | ... Z30: =(Z14-Y14)/Y14 -> 0.045007032
D31: =(D15-C15)/C15 -> #VALUE! | E31: =(E15-D15)/D15 -> 0.24847297 | F31: =(F15-E15)/E15 -> 0.045889396 | G31: =(G15-F15)/F15 -> -0.039843529 | H31: =(H15-G15)/G15 -> 0.054973182 | I31: =(I15-H15)/H15 -> -0.23053444 | J31: =(J15-I15)/I15 -> 0.14330343 | K31: =(K15-J15)/J15 -> -0.022898526 | ... Z31: =(Z15-Y15)/Y15 -> -0.025727046
D32: =(D16-C16)/C16 -> #VALUE! | E32: =(E16-D16)/D16 -> 3.3382572 | F32: =(F16-E16)/E16 -> -0.36628313 | G32: =(G16-F16)/F16 -> 0.89937573 | H32: =(H16-G16)/G16 -> -0.44814297 | I32: =(I16-H16)/H16 -> 1.4726137 | J32: =(J16-I16)/I16 -> -0.5130981 | K32: =(K16-J16)/J16 -> -0.11742476 | ... Z32: =(Z16-Y16)/Y16 -> -0.090184115

Sheet Oats_Mo
A1: Commodity | B1: Metric | C1: Crop Year | D1: AUG | E1: SEP | F1: OCT | G1: NOV | H1: DEC | I1: JAN | J1: FEB | K1: MAR | L1: APR | M1: MAY | N1: JUN | O1: JUL | P1: AUG/JUL
A2: Oats | B2: Planted Area | C2: 02-03 | D2: 5.7968 | P2: =D2 -> 5.7968
A3: Oats | B3: Planted Area | C3: 03-04 | D3: 5.0241 | P3: =D3 -> 5.0241
A4: Oats | B4: Planted Area | C4: 04-05 | D4: 4.7548 | P4: =D4 -> 4.7548
A5: Oats | B5: Planted Area | C5: 05-06 | D5: 4.3685 | P5: =D5 -> 4.3685
A6: Oats | B6: Planted Area | C6: 06-07 | D6: 5.099129 | P6: =D6 -> 5.099129
A7: Oats | B7: Planted Area | C7: 07-08 | D7: 5.3127 | P7: =D7 -> 5.3127
A8: Oats | B8: Planted Area | C8: 08-09 | D8: 4.3 | P8: =D8 -> 4.3
A9: Oats | B9: Planted Area | C9: 09-10 | D9: 3.6965 | P9: =D9 -> 3.6965
A10: Oats | B10: Planted Area | C10: 10-11 | D10: 2.9892 | P10: =D10 -> 2.9892
A11: Oats | B11: Planted Area | C11: 11-12 | D11: 3.244401 | P11: =D11 -> 3.244401
A12: Oats | B12: Planted Area | C12: 12-13 | D12: 2.9477 | P12: =D12 -> 2.9477
A13: Oats | B13: Planted Area | C13: 13-14 | D13: 3.2273 | P13: =D13 -> 3.2273
... A93: Oats | B93: Production | C93: 24-25 | D93: 3357.6 | P93: =D93 -> 3357.6
A94: Oats | B94: Exports | C94: 02-03 | D94: 49.169 | E94: 235.892 | F94: 194.113 | G94: 76.537 | H94: 43.88 | I94: 67.839 | J94: 88.857 | K94: 74.529 | L94: 54.898 | M94: 78.154 | N94: 59.011 | O94: 75.451 | P94: =SUM(D94:O94) -> 1098.33
A95: Oats | B95: Exports | C95: 03-04 | D95: 178.119 | E95: 244.407 | F95: 174.103 | G95: 99.589 | H95: 97.174 | I95: 100.99 | J95: 93.073 | K95: 113.102 | L95: 110.771 | M95: 91.934 | N95: 70.688 | O95: 65.808 | P95: =SUM(D95:O95) -> 1439.758
A96: Oats | B96: Exports | C96: 04-05 | D96: 65.925 | E96: 89.854 | F96: 197.529 | G96: 211.755 | H96: 132.633 | I96: 114.763 | J96: 120.194 | K96: 128.059 | L96: 160.609 | M96: 98.619 | N96: 98.61 | O96: 117.482 | P96: =SUM(D96:O96) -> 1536.032
A97: Oats | B97: Exports | C97: 05-06 | D97: 108.013 | E97: 112.643 | F97: 186.341 | G97: 159.311 | H97: 195.747 | I97: 161.648 | J97: 113.524 | K97: 150.079 | L97: 170.405 | M97: 95.594 | N97: 117.443 | O97: 150.995 | P97: =SUM(D97:O97) -> 1721.743
A98: Oats | B98: Exports | C98: 06-07 | D98: 296.548 | E98: 247.915 | F98: 227.341 | G98: 247.149 | H98: 171.473 | I98: 171.664 | J98: 144.408 | K98: 186.092 | L98: 159.908 | M98: 134.189 | N98: 88.644 | O98: 118.556 | P98: =SUM(D98:O98) -> 2193.887
A99: Oats | B99: Exports | C99: 07-08 | D99: 228.776 | E99: 328.405 | F99: 281.606 | G99: 248.833 | H99: 199.451 | I99: 190.585 | J99: 140.855 | K99: 145.794 | L99: 295.117 | M99: 173.997 | N99: 207.681 | O99: 191.864 | P99: =SUM(D99:O99) -> 2632.964
A100: Oats | B100: Exports | C100: 08-09 | D100: 230.669 | E100: 255.543 | F100: 249.458 | G100: 176.711 | H100: 144.835 | I100: 162.788 | J100: 139.7 | K100: 145.767 | L100: 187.406 | M100: 152.837 | N100: 160.708 | O100: 191.628 | P100: =SUM(D100:O100) -> 2198.05
A101: Oats | B101: Exports | C101: 09-10 | D101: 198.303 | E101: 141.148 | F101: 172.297 | G101: 128.006 | H101: 132.372 | I101: 160.985 | J101: 159.006 | K101: 216.124 | L101: 100.765 | M101: 120.804 | N101: 118.509 | O101: 144.235 | P101: =SUM(D101:O101) -> 1792.554
A102: Oats | B102: Exports | C102: 10-11 | D102: 173.053 | E102: 175.202 | F102: 179.381 | G102: 124.066 | H102: 145.826 | I102: 132.617 | J102: 123.291 | K102: 131.105 | L102: 148.723 | M102: 117.432 | N102: 97.365 | O102: 96.295 | P102: =SUM(D102:O102) -> 1644.356
A103: Oats | B103: Exports | C103: 11-12 | D103: 184.748 | E103: 286.927 | F103: 228.003 | G103: 190.168 | H103: 187.419 | I103: 163.121 | J103: 120.504 | K103: 124.968 | L103: 124.232 | M103: 111.695 | N103: 126.592 | O103: 173.01 | P103: =SUM(D103:O103) -> 2021.387
A104: Oats | B104: Exports | C104: 12-13 | D104: 306.718 | E104: 200.118 | F104: 183.481 | G104: 179.201 | H104: 128.26 | I104: 131.7 | J104: 120.592 | K104: 139.45 | L104: 160.106 | M104: 120.177 | N104: 87.24 | O104: 163.796 | P104: =SUM(D104:O104) -> 1920.839
A105: Oats | B105: Exports | C105: 13-14 | D105: 110.944 | E105: 138.48 | F105: 209.165 | G105: 186.274 | H105: 148.605 | I105: 120.329 | J105: 111.514 | K105: 178.652 | L105: 184.049 | M105: 203.575 | N105: 185.43 | O105: 200.111 | P105: =SUM(D105:O105) -> 1977.128
... A208: Oats | B208: Seed | C208: 24-25 | D208: 0 | E208: 0 | F208: 0 | G208: 0 | H208: 0 | I208: 0 | J208: 0 | K208: 0 | L208: 0 | M208: 0 | N208: 0 | O208: 0 | P208: =SUM(D208:O208) -> 0
A209: Oats | B209: Food & Processing | C209: 02-03 | D209: =D140+D163 -> 11.008333 | E209: =E140+E163 -> 11.008333 | F209: =F140+F163 -> 11.008333 | G209: =G140+G163 -> 11.008333 | H209: =H140+H163 -> 11.008333 | I209: =I140+I163 -> 11.008333 | J209: =J140+J163 -> 11.008333 | K209: =K140+K163 -> 11.008333 | ... O209: =O140+O163 -> 11.008333 | P209: =SUM(D209:O209) -> 132.1
A210: Oats | B210: Food & Processing | C210: 03-04 | D210: =D141+D164 -> 11.65 | E210: =E141+E164 -> 11.65 | F210: =F141+F164 -> 11.65 | G210: =G141+G164 -> 11.65 | H210: =H141+H164 -> 11.65 | I210: =I141+I164 -> 11.65 | J210: =J141+J164 -> 11.65 | K210: =K141+K164 -> 11.65 | ... O210: =O141+O164 -> 11.65 | P210: =SUM(D210:O210) -> 139.8
A211: Oats | B211: Food & Processing | C211: 04-05 | D211: =D142+D165 -> 9.7916667 | E211: =E142+E165 -> 9.7916667 | F211: =F142+F165 -> 9.7916667 | G211: =G142+G165 -> 9.7916667 | H211: =H142+H165 -> 9.7916667 | I211: =I142+I165 -> 9.7916667 | J211: =J142+J165 -> 9.7916667 | K211: =K142+K165 -> 9.7916667 | ... O211: =O142+O165 -> 9.7916667 | P211: =SUM(D211:O211) -> 117.5
A212: Oats | B212: Food & Processing | C212: 05-06 | D212: =D143+D166 -> 6.5583333 | E212: =E143+E166 -> 6.5583333 | F212: =F143+F166 -> 6.5583333 | G212: =G143+G166 -> 6.5583333 | H212: =H143+H166 -> 6.5583333 | I212: =I143+I166 -> 6.5583333 | J212: =J143+J166 -> 6.5583333 | K212: =K143+K166 -> 6.5583333 | ... O212: =O143+O166 -> 6.5583333 | P212: =SUM(D212:O212) -> 78.7
A213: Oats | B213: Food & Processing | C213: 06-07 | D213: =D144+D167 -> 7.675 | E213: =E144+E167 -> 7.675 | F213: =F144+F167 -> 7.675 | G213: =G144+G167 -> 7.675 | H213: =H144+H167 -> 7.675 | I213: =I144+I167 -> 7.675 | J213: =J144+J167 -> 7.675 | K213: =K144+K167 -> 7.675 | ... O213: =O144+O167 -> 7.675 | P213: =SUM(D213:O213) -> 92.1
A214: Oats | B214: Food & Processing | C214: 07-08 | D214: =D145+D168 -> 5.85 | E214: =E145+E168 -> 5.85 | F214: =F145+F168 -> 5.85 | G214: =G145+G168 -> 5.85 | H214: =H145+H168 -> 5.85 | I214: =I145+I168 -> 5.85 | J214: =J145+J168 -> 5.85 | K214: =K145+K168 -> 5.85 | ... O214: =O145+O168 -> 5.85 | P214: =SUM(D214:O214) -> 70.2
A215: Oats | B215: Food & Processing | C215: 08-09 | D215: =D146+D169 -> 5.775 | E215: =E146+E169 -> 5.775 | F215: =F146+F169 -> 5.775 | G215: =G146+G169 -> 5.775 | H215: =H146+H169 -> 5.775 | I215: =I146+I169 -> 5.775 | J215: =J146+J169 -> 5.775 | K215: =K146+K169 -> 5.775 | ... O215: =O146+O169 -> 5.775 | P215: =SUM(D215:O215) -> 69.3
A216: Oats | B216: Food & Processing | C216: 09-10 | D216: =D147+D170 -> 4.9833333 | E216: =E147+E170 -> 4.9833333 | F216: =F147+F170 -> 4.9833333 | G216: =G147+G170 -> 4.9833333 | H216: =H147+H170 -> 4.9833333 | I216: =I147+I170 -> 4.9833333 | J216: =J147+J170 -> 4.9833333 | K216: =K147+K170 -> 4.9833333 | ... O216: =O147+O170 -> 4.9833333 | P216: =SUM(D216:O216) -> 59.8
A217: Oats | B217: Food & Processing | C217: 10-11 | D217: =D148+D171 -> 7.1833333 | E217: =E148+E171 -> 7.1833333 | F217: =F148+F171 -> 7.1833333 | G217: =G148+G171 -> 7.1833333 | H217: =H148+H171 -> 7.1833333 | I217: =I148+I171 -> 7.1833333 | J217: =J148+J171 -> 7.1833333 | K217: =K148+K171 -> 7.1833333 | ... O217: =O148+O171 -> 7.1833333 | P217: =SUM(D217:O217) -> 86.2
A218: Oats | B218: Food & Processing | C218: 11-12 | D218: =D149+D172 -> 10.275 | E218: =E149+E172 -> 10.275 | F218: =F149+F172 -> 10.275 | G218: =G149+G172 -> 10.275 | H218: =H149+H172 -> 10.275 | I218: =I149+I172 -> 10.275 | J218: =J149+J172 -> 10.275 | K218: =K149+K172 -> 10.275 | ... O218: =O149+O172 -> 10.275 | P218: =SUM(D218:O218) -> 123.3
A219: Oats | B219: Food & Processing | C219: 12-13 | D219: =D150+D173 -> 9.7666667 | E219: =E150+E173 -> 9.7666667 | F219: =F150+F173 -> 9.7666667 | G219: =G150+G173 -> 9.7666667 | H219: =H150+H173 -> 9.7666667 | I219: =I150+I173 -> 9.7666667 | J219: =J150+J173 -> 9.7666667 | K219: =K150+K173 -> 9.7666667 | ... O219: =O150+O173 -> 9.7666667 | P219: =SUM(D219:O219) -> 117.2
A220: Oats | B220: Food & Processing | C220: 13-14 | D220: =D151+D174 -> 6.9583333 | E220: =E151+E174 -> 6.9583333 | F220: =F151+F174 -> 6.9583333 | G220: =G151+G174 -> 6.9583333 | H220: =H151+H174 -> 6.9583333 | I220: =I151+I174 -> 6.9583333 | J220: =J151+J174 -> 6.9583333 | K220: =K151+K174 -> 6.9583333 | ... O220: =O151+O174 -> 6.9583333 | P220: =SUM(D220:O220) -> 83.5
... A231: Oats | B231: Food & Processing | C231: 24-25 | D231: =D162+D185 -> 6.2666667 | E231: =E162+E185 -> 6.2666667 | F231: =F162+F185 -> 6.2666667 | G231: =G162+G185 -> 6.2666667 | H231: =H162+H185 -> 6.2666667 | I231: =I162+I185 -> 6.2666667 | J231: =J162+J185 -> 6.2666667 | K231: =K162+K185 -> 6.2666667 | ... O231: =O162+O185 -> 6.2666667 | P231: =SUM(D231:O231) -> 75.2
A232: Oats | B232: FSR | C232: 02-03 | D232: 129.6695 | E232: 129.6695 | F232: 129.6695 | G232: 129.6695 | H232: 129.6695 | I232: 129.6695 | J232: 129.6695 | K232: 129.6695 | L232: 129.6695 | M232: 129.6695 | N232: 129.6695 | O232: 129.6695 | P232: =SUM(D232:O232) -> 1556.034
A233: Oats | B233: FSR | C233: 03-04 | D233: 130.61417 | E233: 130.61417 | F233: 130.61417 | G233: 130.61417 | H233: 130.61417 | I233: 130.61417 | J233: 130.61417 | K233: 130.61417 | L233: 130.61417 | M233: 130.61417 | N233: 130.61417 | O233: 130.61417 | P233: =SUM(D233:O233) -> 1567.37
A234: Oats | B234: FSR | C234: 04-05 | D234: 138.41717 | E234: 138.41717 | F234: 138.41717 | G234: 138.41717 | H234: 138.41717 | I234: 138.41717 | J234: 138.41717 | K234: 138.41717 | L234: 138.41717 | M234: 138.41717 | N234: 138.41717 | O234: 138.41717 | P234: =SUM(D234:O234) -> 1661.006
A235: Oats | B235: FSR | C235: 05-06 | D235: 134.67183 | E235: 134.67183 | F235: 134.67183 | G235: 134.67183 | H235: 134.67183 | I235: 134.67183 | J235: 134.67183 | K235: 134.67183 | L235: 134.67183 | M235: 134.67183 | N235: 134.67183 | O235: 134.67183 | P235: =SUM(D235:O235) -> 1616.062
A236: Oats | B236: FSR | C236: 06-07 | D236: 159.11758 | E236: 159.11758 | F236: 159.11758 | G236: 159.11758 | H236: 159.11758 | I236: 159.11758 | J236: 159.11758 | K236: 159.11758 | L236: 159.11758 | M236: 159.11758 | N236: 159.11758 | O236: 159.11758 | P236: =SUM(D236:O236) -> 1909.411
A237: Oats | B237: FSR | C237: 07-08 | D237: 128.96075 | E237: 128.96075 | F237: 128.96075 | G237: 128.96075 | H237: 128.96075 | I237: 128.96075 | J237: 128.96075 | K237: 128.96075 | L237: 128.96075 | M237: 128.96075 | N237: 128.96075 | O237: 128.96075 | P237: =SUM(D237:O237) -> 1547.529
A238: Oats | B238: FSR | C238: 08-09 | D238: 121.239 | E238: 121.239 | F238: 121.239 | G238: 121.239 | H238: 121.239 | I238: 121.239 | J238: 121.239 | K238: 121.239 | L238: 121.239 | M238: 121.239 | N238: 121.239 | O238: 121.239 | P238: =SUM(D238:O238) -> 1454.868
A239: Oats | B239: FSR | C239: 09-10 | D239: 121.01017 | E239: 121.01017 | F239: 121.01017 | G239: 121.01017 | H239: 121.01017 | I239: 121.01017 | J239: 121.01017 | K239: 121.01017 | L239: 121.01017 | M239: 121.01017 | N239: 121.01017 | O239: 121.01017 | P239: =SUM(D239:O239) -> 1452.122
A240: Oats | B240: FSR | C240: 10-11 | D240: 99.66975 | E240: 99.66975 | F240: 99.66975 | G240: 99.66975 | H240: 99.66975 | I240: 99.66975 | J240: 99.66975 | K240: 99.66975 | L240: 99.66975 | M240: 99.66975 | N240: 99.66975 | O240: 99.66975 | P240: =SUM(D240:O240) -> 1196.037
A241: Oats | B241: FSR | C241: 11-12 | D241: 82.033 | E241: 82.033 | F241: 82.033 | G241: 82.033 | H241: 82.033 | I241: 82.033 | J241: 82.033 | K241: 82.033 | L241: 82.033 | M241: 82.033 | N241: 82.033 | O241: 82.033 | P241: =SUM(D241:O241) -> 984.396
A242: Oats | B242: FSR | C242: 12-13 | D242: 99.1645 | E242: 99.1645 | F242: 99.1645 | G242: 99.1645 | H242: 99.1645 | I242: 99.1645 | J242: 99.1645 | K242: 99.1645 | L242: 99.1645 | M242: 99.1645 | N242: 99.1645 | O242: 99.1645 | P242: =SUM(D242:O242) -> 1189.974
A243: Oats | B243: FSR | C243: 13-14 | D243: 107.62858 | E243: 107.62858 | F243: 107.62858 | G243: 107.62858 | H243: 107.62858 | I243: 107.62858 | J243: 107.62858 | K243: 107.62858 | L243: 107.62858 | M243: 107.62858 | N243: 107.62858 | O243: 107.62858 | P243: =SUM(D243:O243) -> 1291.543
... A254: Oats | B254: FSR | C254: 24-25 | D254: 106.27675 | E254: 106.27675 | F254: 106.27675 | G254: 106.27675 | H254: 106.27675 | I254: 106.27675 | J254: 106.27675 | K254: 106.27675 | L254: 106.27675 | M254: 106.27675 | N254: 106.27675 | O254: 106.27675 | P254: =SUM(D254:O254) -> 1275.321
A255: Oats | B255: STOCKS | C255: 02-03 | D255: =362.8+D71+D117-D94-D209-D232-D186 -> 3086.2302 | E255: =D255+E71+E117-E94-E209-E232-E186 -> 2715.6363 | F255: =E255+F71+F117-F94-F209-F232-F186 -> 2383.2125 | G255: =F255+G71+G117-G94-G209-G232-G186 -> 2168.5887 | H255: =G255+H71+H117-H94-H209-H232-H186 -> 1987.1168 | I255: =H255+I71+I117-I94-I209-I232-I186 -> 1782.483 | J255: =I255+J71+J117-J94-J209-J232-J186 -> 1555.9592 | K255: =J255+K71+K117-K94-K209-K232-K186 -> 1343.8223 | L255: =K255+L71+L117-L94-L209-L232-L186 -> 1150.5115 | ... O255: =N255+O71+O117-O94-O209-O232-O186 -> 523.9 | P255: =O255 -> 523.9
A256: Oats | B256: STOCKS | C256: 03-04 | D256: =O255+D72+D118-D95-D210-D233-D187 -> 3583.7918 | E256: =D256+E72+E118-E95-E210-E233-E187 -> 3203.8057 | F256: =E256+F72+F118-F95-F210-F233-F187 -> 2890.0235 | G256: =F256+G72+G118-G95-G210-G233-G187 -> 2649.9313 | H256: =G256+H72+H118-H95-H210-H233-H187 -> 2412.4412 | I256: =H256+I72+I118-I95-I210-I233-I187 -> 2172.756 | J256: =I256+J72+J118-J95-J210-J233-J187 -> 1940.4478 | K256: =J256+K72+K118-K95-K210-K233-K187 -> 1687.2467 | L256: =K256+L72+L118-L95-L210-L233-L187 -> 1436.3925 | ... O256: =N256+O72+O118-O95-O210-O233-O187 -> 788.1 | P256: =O256 -> 788.1
A257: Oats | B257: STOCKS | C257: 04-05 | D257: =O256+D73+D119-D96-D211-D234-D188 -> 4044.8622 | E257: =D257+E73+E119-E96-E211-E234-E188 -> 3814.5753 | F257: =E257+F73+F119-F96-F211-F234-F188 -> 3471.3335 | G257: =F257+G73+G119-G96-G211-G234-G188 -> 3112.7057 | H257: =G257+H73+H119-H96-H211-H234-H188 -> 2832.8488 | I257: =H257+I73+I119-I96-I211-I234-I188 -> 2572.276 | J257: =I257+J73+J119-J96-J211-J234-J188 -> 2307.7472 | K257: =J257+K73+K119-K96-K211-K234-K188 -> 2034.3683 | L257: =K257+L73+L119-L96-L211-L234-L188 -> 1730.0235 | ... O257: =N257+O73+O119-O96-O211-O234-O188 -> 974.4 | P257: =O257 -> 974.4
A258: Oats | B258: STOCKS | C258: 05-06 | D258: =O257+D74+D120-D97-D212-D235-D189 -> 4010.3448 | E258: =D258+E74+E120-E97-E212-E235-E189 -> 3759.7197 | F258: =E258+F74+F120-F97-F212-F235-F189 -> 3433.4005 | G258: =F258+G74+G120-G97-G212-G235-G189 -> 3133.8973 | H258: =G258+H74+H120-H97-H212-H235-H189 -> 2800.1382 | I258: =H258+I74+I120-I97-I212-I235-I189 -> 2500.696 | J258: =I258+J74+J120-J97-J212-J235-J189 -> 2248.8998 | K258: =J258+K74+K120-K97-K212-K235-K189 -> 1961.6907 | L258: =K258+L74+L120-L97-L212-L235-L189 -> 1651.5955 | ... O258: =N258+O74+O120-O97-O212-O235-O189 -> 871.7 | P258: =O258 -> 871.7
A259: Oats | B259: STOCKS | C259: 06-07 | D259: =O258+D75+D121-D98-D213-D236-D190 -> 4266.5804 | E259: =D259+E75+E121-E98-E213-E236-E190 -> 3854.9248 | F259: =E259+F75+F121-F98-F213-F236-F190 -> 3462.8162 | G259: =F259+G75+G121-G98-G213-G236-G190 -> 3050.3047 | H259: =G259+H75+H121-H98-H213-H236-H190 -> 2713.9191 | I259: =H259+I75+I121-I98-I213-I236-I190 -> 2377.7735 | J259: =I259+J75+J121-J98-J213-J236-J190 -> 2068.8539 | K259: =J259+K75+K121-K98-K213-K236-K190 -> 1718.0483 | L259: =K259+L75+L121-L98-L213-L236-L190 -> 1393.2747 | ... O259: =N259+O75+O121-O98-O213-O236-O190 -> 556.2 | P259: =O259 -> 556.2
A260: Oats | B260: STOCKS | C260: 07-08 | D260: =O259+D76+D122-D99-D214-D237-D191 -> 4814.3332 | E260: =D260+E76+E122-E99-E214-E237-E191 -> 4357.6395 | F260: =E260+F76+F122-F99-F214-F237-F191 -> 3943.4957 | G260: =F260+G76+G122-G99-G214-G237-G191 -> 3561.337 | H260: =G260+H76+H122-H99-H214-H237-H191 -> 3228.3842 | I260: =H260+I76+I122-I99-I214-I237-I191 -> 2905.6575 | J260: =I260+J76+J122-J99-J214-J237-J191 -> 2630.8677 | K260: =J260+K76+K122-K99-K214-K237-K191 -> 2351.378 | L260: =K260+L76+L122-L99-L214-L237-L191 -> 1922.4152 | ... O260: =N260+O76+O122-O99-O214-O237-O191 -> 949.5 | P260: =O260 -> 949.5
A261: Oats | B261: STOCKS | C261: 08-09 | D261: =O260+D77+D123-D100-D215-D238-D192 -> 4868.19 | E261: =D261+E77+E123-E100-E215-E238-E192 -> 4491.318 | F261: =E261+F77+F123-F100-F215-F238-F192 -> 4116.903 | G261: =F261+G77+G123-G100-G215-G238-G192 -> 3814.466 | H261: =G261+H77+H123-H100-H215-H238-H192 -> 3543.55 | I261: =H261+I77+I123-I100-I215-I238-I192 -> 3254.752 | J261: =I261+J77+J123-J100-J215-J238-J192 -> 2992.315 | K261: =J261+K77+K123-K100-K215-K238-K192 -> 2721.026 | L261: =K261+L77+L123-L100-L215-L238-L192 -> 2408.436 | ... O261: =N261+O77+O123-O100-O215-O238-O192 -> 1527.2 | P261: =O261 -> 1527.2
A262: Oats | B262: STOCKS | C262: 09-10 | D262: =O261+D78+D124-D101-D216-D239-D193 -> 4118.4825 | E262: =D262+E78+E124-E101-E216-E239-E193 -> 3855.81 | F262: =E262+F78+F124-F101-F216-F239-F193 -> 3559.1715 | G262: =F262+G78+G124-G101-G216-G239-G193 -> 3307.179 | H262: =G262+H78+H124-H101-H216-H239-H193 -> 3049.8715 | I262: =H262+I78+I124-I101-I216-I239-I193 -> 2764.041 | J262: =I262+J78+J124-J101-J216-J239-J193 -> 2480.9555 | K262: =J262+K78+K124-K101-K216-K239-K193 -> 2140.85 | L262: =K262+L78+L124-L101-L216-L239-L193 -> 1915.5035 | ... O262: =N262+O78+O124-O101-O216-O239-O193 -> 1161.8 | P262: =O262 -> 1161.8
A263: Oats | B263: STOCKS | C263: 10-11 | D263: =O262+D79+D125-D102-D217-D240-D194 -> 3340.7079 | E263: =D263+E79+E125-E102-E217-E240-E194 -> 3065.4148 | F263: =E263+F79+F125-F102-F217-F240-F194 -> 2781.3198 | G263: =F263+G79+G125-G102-G217-G240-G194 -> 2551.8437 | H263: =G263+H79+H125-H102-H217-H240-H194 -> 2300.7986 | I263: =H263+I79+I125-I102-I217-I240-I194 -> 2064.2125 | J263: =I263+J79+J125-J102-J217-J240-J194 -> 1839.8124 | K263: =J263+K79+K125-K102-K217-K240-K194 -> 1605.5573 | L263: =K263+L79+L125-L102-L217-L240-L194 -> 1353.3033 | ... O263: =N263+O79+O125-O102-O217-O240-O194 -> 732.6 | P263: =O263 -> 732.6
A264: Oats | B264: STOCKS | C264: 11-12 | D264: =O263+D80+D126-D103-D218-D241-D195 -> 3616.014 | E264: =D264+E80+E126-E103-E218-E241-E195 -> 3241.621 | F264: =E264+F80+F126-F103-F218-F241-F195 -> 2925.22 | G264: =F264+G80+G126-G103-G218-G241-G195 -> 2645.826 | H264: =G264+H80+H126-H103-H218-H241-H195 -> 2367.623 | I264: =H264+I80+I126-I103-I218-I241-I195 -> 2113.996 | J264: =I264+J80+J126-J103-J218-J241-J195 -> 1903.75 | K264: =J264+K80+K126-K103-K218-K241-K195 -> 1690.076 | L264: =K264+L80+L126-L103-L218-L241-L195 -> 1477.852 | ... O264: =N264+O80+O126-O103-O218-O241-O195 -> 804.5 | P264: =O264 -> 804.5
A265: Oats | B265: STOCKS | C265: 12-13 | D265: =O264+D81+D127-D104-D219-D242-D196 -> 3229.0118 | E265: =D265+E81+E127-E104-E219-E242-E196 -> 2924.1387 | F265: =E265+F81+F127-F104-F219-F242-F196 -> 2634.3415 | G265: =F265+G81+G127-G104-G219-G242-G196 -> 2347.7663 | H265: =G265+H81+H127-H104-H219-H242-H196 -> 2112.6572 | I265: =H265+I81+I127-I104-I219-I242-I196 -> 1874.014 | J265: =I265+J81+J127-J104-J219-J242-J196 -> 1646.8848 | K265: =J265+K81+K127-K104-K219-K242-K196 -> 1402.2457 | L265: =K265+L81+L127-L104-L219-L242-L196 -> 1136.2085 | ... O265: =N265+O81+O127-O104-O219-O242-O196 -> 445.8 | P265: =O265 -> 445.8
A266: Oats | B266: STOCKS | C266: 13-14 | D266: =O265+D82+D128-D105-D220-D243-D197 -> 4152.2341 | E266: =D266+E82+E128-E105-E220-E243-E197 -> 3904.5082 | F266: =E266+F82+F128-F105-F220-F243-F197 -> 3586.6253 | G266: =F266+G82+G128-G105-G220-G243-G197 -> 3288.5243 | H266: =G266+H82+H128-H105-H220-H243-H197 -> 3027.2274 | I266: =H266+I82+I128-I105-I220-I243-I197 -> 2794.8665 | J266: =I266+J82+J128-J105-J220-J243-J197 -> 2570.9366 | K266: =J266+K82+K128-K105-K220-K243-K197 -> 2280.5667 | L266: =K266+L82+L128-L105-L220-L243-L197 -> 1994.6558 | ... O266: =N266+O82+O128-O105-O220-O243-O197 -> 1069 | P266: =O266 -> 1069
A267: Oats | B267: STOCKS | C267: 14-15 | D267: =O266+D83+D129-D106-D221-D244-D198 -> 3785.4064 | E267: =D267+E83+E129-E106-E221-E244-E198 -> 3509.4128 | F267: =E267+F83+F129-F106-F221-F244-F198 -> 3199.5623 | G267: =F267+G83+G129-G106-G221-G244-G198 -> 2933.0037 | H267: =G267+H83+H129-H106-H221-H244-H198 -> 2641.0421 | I267: =H267+I83+I129-I106-I221-I244-I198 -> 2324.4845 | J267: =I267+J83+J129-J106-J221-J244-J198 -> 2059.0009 | K267: =J267+K83+K129-K106-K221-K244-K198 -> 1727.7853 | L267: =K267+L83+L129-L106-L221-L244-L198 -> 1437.5788 | ... O267: =N267+O83+O129-O106-O221-O244-O198 -> 700.9 | P267: =O267 -> 700.9
... A277: Oats | B277: STOCKS | C277: 24-25 | D277: =O276+D93+D139-D116-D231-D254-D208 -> 3763.9416 | E277: =D277+E93+E139-E116-E231-E254-E208 -> 3409.4712 | F277: =E277+F93+F139-F116-F231-F254-F208 -> 3125.0348 | G277: =F277+G93+G139-G116-G231-G254-G208 -> 2837.2533 | H277: =G277+H93+H139-H116-H231-H254-H208 -> 2521.0889 | I277: =H277+I93+I139-I116-I231-I254-I208 -> 2198.6125 | J277: =I277+J93+J139-J116-J231-J254-J208 -> 1952.1521 | K277: =J277+K93+K139-K116-K231-K254-K208 -> 1615.0237 | L277: =K277+L93+L139-L116-L231-L254-L208 -> 1341.8553 | ... O277: =N277+O93+O139-O116-O231-O254-O208 -> 506.7 | P277: =O277 -> 506.7

Sheet Oats_Yr
A1: Oats
A2: Commodity | B2: Metric | C2: Unit | D2: 02-03 | E2: 03-04 | F2: 04-05 | G2: 05-06 | H2: 06-07 | I2: 07-08 | J2: 08-09 | K2: 09-10 | L2: 10-11 | M2: 11-12 | N2: 12-13 | O2: 13-14 | P2: 14-15 | Q2: 15-16 | R2: 16-17 | S2: 17-18 | T2: 18-19 | U2: 19-20 | V2: 20-21 | W2: 21-22 | X2: 22-23 | Y2: 23-24 | Z2: 24-25
A3: Oats | B3: Planted Area | C3: MLN AC | D3: =SUMIFS(Oats_Mo!$P:$P,Oats_Mo!$B:$B,"Planted Area",Oats_Mo!$C:$C,RIGHT(D$2,5)) -> 5.7968 | E3: =SUMIFS(Oats_Mo!$P:$P,Oats_Mo!$B:$B,"Planted Area",Oats_Mo!$C:$C,RIGHT(E$2,5)) -> 5.0241 | F3: =SUMIFS(Oats_Mo!$P:$P,Oats_Mo!$B:$B,"Planted Area",Oats_Mo!$C:$C,RIGHT(F$2,5)) -> 4.7548 | G3: =SUMIFS(Oats_Mo!$P:$P,Oats_Mo!$B:$B,"Planted Area",Oats_Mo!$C:$C,RIGHT(G$2,5)) -> 4.3685 | H3: =SUMIFS(Oats_Mo!$P:$P,Oats_Mo!$B:$B,"Planted Area",Oats_Mo!$C:$C,RIGHT(H$2,5)) -> 5.099129 | I3: =SUMIFS(Oats_Mo!$P:$P,Oats_Mo!$B:$B,"Planted Area",Oats_Mo!$C:$C,RIGHT(I$2,5)) -> 5.3127 | J3: =SUMIFS(Oats_Mo!$P:$P,Oats_Mo!$B:$B,"Planted Area",Oats_Mo!$C:$C,RIGHT(J$2,5)) -> 4.3 | K3: =SUMIFS(Oats_Mo!$P:$P,Oats_Mo!$B:$B,"Planted Area",Oats_Mo!$C:$C,RIGHT(K$2,5)) -> 3.6965 | ... Z3: =SUMIFS(Oats_Mo!$P:$P,Oats_Mo!$B:$B,"Planted Area",Oats_Mo!$C:$C,RIGHT(Z$2,5)) -> 2.8999
A4: Oats | B4: Harvested Area | C4: MLN AC | D4: =SUMIFS(Oats_Mo!$P:$P,Oats_Mo!$B:$B,"Harvested Area",Oats_Mo!$C:$C,RIGHT(D$2,5)) -> 3.4075 | E4: =SUMIFS(Oats_Mo!$P:$P,Oats_Mo!$B:$B,"Harvested Area",Oats_Mo!$C:$C,RIGHT(E$2,5)) -> 3.4964 | F4: =SUMIFS(Oats_Mo!$P:$P,Oats_Mo!$B:$B,"Harvested Area",Oats_Mo!$C:$C,RIGHT(F$2,5)) -> 3.05 | G4: =SUMIFS(Oats_Mo!$P:$P,Oats_Mo!$B:$B,"Harvested Area",Oats_Mo!$C:$C,RIGHT(G$2,5)) -> 3.1415 | H4: =SUMIFS(Oats_Mo!$P:$P,Oats_Mo!$B:$B,"Harvested Area",Oats_Mo!$C:$C,RIGHT(H$2,5)) -> 3.7975 | I4: =SUMIFS(Oats_Mo!$P:$P,Oats_Mo!$B:$B,"Harvested Area",Oats_Mo!$C:$C,RIGHT(I$2,5)) -> 4.4068 | J4: =SUMIFS(Oats_Mo!$P:$P,Oats_Mo!$B:$B,"Harvested Area",Oats_Mo!$C:$C,RIGHT(J$2,5)) -> 3.5793 | K4: =SUMIFS(Oats_Mo!$P:$P,Oats_Mo!$B:$B,"Harvested Area",Oats_Mo!$C:$C,RIGHT(K$2,5)) -> 2.4277 | ... Z4: =SUMIFS(Oats_Mo!$P:$P,Oats_Mo!$B:$B,"Harvested Area",Oats_Mo!$C:$C,RIGHT(Z$2,5)) -> 2.4543
A5: Oats | B5: Proportion Harvested | C5: % | D5: =IF(D3<>0,D4/D3,"") -> 0.58782432 | E5: =IF(E3<>0,E4/E3,"") -> 0.69592564 | F5: =IF(F3<>0,F4/F3,"") -> 0.64145705 | G5: =IF(G3<>0,G4/G3,"") -> 0.71912556 | H5: =IF(H3<>0,H4/H3,"") -> 0.74473503 | I5: =IF(I3<>0,I4/I3,"") -> 0.82948407 | J5: =IF(J3<>0,J4/J3,"") -> 0.83239535 | K5: =IF(K3<>0,K4/K3,"") -> 0.65675639 | ... Z5: =IF(Z3<>0,Z4/Z3,"") -> 0.84633953
A6: Oats | B6: Yield | C6: BU/AC | D6: =SUMIFS(Oats_Mo!$P:$P,Oats_Mo!$B:$B,"Yield",Oats_Mo!$C:$C,RIGHT(D$2,5)) -> 55.388122 | E6: =SUMIFS(Oats_Mo!$P:$P,Oats_Mo!$B:$B,"Yield",Oats_Mo!$C:$C,RIGHT(E$2,5)) -> 62.621927 | F6: =SUMIFS(Oats_Mo!$P:$P,Oats_Mo!$B:$B,"Yield",Oats_Mo!$C:$C,RIGHT(F$2,5)) -> 73.711308 | G6: =SUMIFS(Oats_Mo!$P:$P,Oats_Mo!$B:$B,"Yield",Oats_Mo!$C:$C,RIGHT(G$2,5)) -> 67.756224 | H6: =SUMIFS(Oats_Mo!$P:$P,Oats_Mo!$B:$B,"Yield",Oats_Mo!$C:$C,RIGHT(H$2,5)) -> 65.775795 | I6: =SUMIFS(Oats_Mo!$P:$P,Oats_Mo!$B:$B,"Yield",Oats_Mo!$C:$C,RIGHT(I$2,5)) -> 67.955289 | J6: =SUMIFS(Oats_Mo!$P:$P,Oats_Mo!$B:$B,"Yield",Oats_Mo!$C:$C,RIGHT(J$2,5)) -> 77.401468 | K6: =SUMIFS(Oats_Mo!$P:$P,Oats_Mo!$B:$B,"Yield",Oats_Mo!$C:$C,RIGHT(K$2,5)) -> 77.763686 | ... Z6: =SUMIFS(Oats_Mo!$P:$P,Oats_Mo!$B:$B,"Yield",Oats_Mo!$C:$C,RIGHT(Z$2,5)) -> 88.706689
A8: Oats | B8: Beginning Stocks | C8: KMT | D8: =SUMIFS(Oats_Mo!$D:$D,Oats_Mo!$B:$B,"STOCKS",Oats_Mo!$C:$C,RIGHT(D$2,5))-SUMIFS(Oats_Mo!$D:$D,Oats_Mo!$B:$B,"Production",Oats_Mo!$C:$C,RIGHT(D$2,5))-SUMIFS(Oats_Mo!$D:$D,Oats_Mo!$B:$B,"Imports",Oats_Mo!$C:$C,RIGHT(D$2,5))+SUMIFS(Oats_Mo!$D:$D,Oats_Mo!$B:$B,"Exports",Oats_Mo!$C:$C,RIGHT(D$2,5))+SUMIFS(Oats_Mo!$D:$D,Oats_Mo!$B:$B,"Food & Processing",Oats_Mo!$C:$C,RIGHT(D$2,5))+SUMIFS(Oats_Mo!$D:$D,Oats_Mo!$B:$B,"FSR",Oats_Mo!$C:$C,RIGHT(D$2,5))+SUMIFS(Oats_Mo!$D:$D,Oats_Mo!$B:$B,"Seed",Oats_Mo!$C:$C,RIGHT(D$2,5)) -> 362.8 | E8: =D19 -> 523.9 | F8: =E19 -> 788.1 | G8: =F19 -> 974.4 | H8: =G19 -> 871.7 | I8: =H19 -> 556.2 | J8: =I19 -> 949.5 | K8: =J19 -> 1527.2 | L8: =K19 -> 1161.8 | ... Z8: =Y19 -> 670.4
A9: Oats | B9: Imports | C9: KMT | D9: =SUMIFS(Oats_Mo!$P:$P,Oats_Mo!$B:$B,"Imports",Oats_Mo!$C:$C,RIGHT(D$2,5)) -> 36.864 | E9: =SUMIFS(Oats_Mo!$P:$P,Oats_Mo!$B:$B,"Imports",Oats_Mo!$C:$C,RIGHT(E$2,5)) -> 34.428 | F9: =SUMIFS(Oats_Mo!$P:$P,Oats_Mo!$B:$B,"Imports",Oats_Mo!$C:$C,RIGHT(F$2,5)) -> 33.638 | G9: =SUMIFS(Oats_Mo!$P:$P,Oats_Mo!$B:$B,"Imports",Oats_Mo!$C:$C,RIGHT(G$2,5)) -> 31.105 | H9: =SUMIFS(Oats_Mo!$P:$P,Oats_Mo!$B:$B,"Imports",Oats_Mo!$C:$C,RIGHT(H$2,5)) -> 27.698 | I9: =SUMIFS(Oats_Mo!$P:$P,Oats_Mo!$B:$B,"Imports",Oats_Mo!$C:$C,RIGHT(I$2,5)) -> 25.593 | J9: =SUMIFS(Oats_Mo!$P:$P,Oats_Mo!$B:$B,"Imports",Oats_Mo!$C:$C,RIGHT(J$2,5)) -> 27.318 | K9: =SUMIFS(Oats_Mo!$P:$P,Oats_Mo!$B:$B,"Imports",Oats_Mo!$C:$C,RIGHT(K$2,5)) -> 27.576 | ... Z9: =SUMIFS(Oats_Mo!$P:$P,Oats_Mo!$B:$B,"Imports",Oats_Mo!$C:$C,RIGHT(Z$2,5)) -> 45.508
A10: Oats | B10: Production | C10: KMT | D10: =SUMIFS(Oats_Mo!$P:$P,Oats_Mo!$B:$B,"Production",Oats_Mo!$C:$C,RIGHT(D$2,5)) -> 2910.7 | E10: =SUMIFS(Oats_Mo!$P:$P,Oats_Mo!$B:$B,"Production",Oats_Mo!$C:$C,RIGHT(E$2,5)) -> 3376.7 | F10: =SUMIFS(Oats_Mo!$P:$P,Oats_Mo!$B:$B,"Production",Oats_Mo!$C:$C,RIGHT(F$2,5)) -> 3467.2 | G10: =SUMIFS(Oats_Mo!$P:$P,Oats_Mo!$B:$B,"Production",Oats_Mo!$C:$C,RIGHT(G$2,5)) -> 3282.7 | H10: =SUMIFS(Oats_Mo!$P:$P,Oats_Mo!$B:$B,"Production",Oats_Mo!$C:$C,RIGHT(H$2,5)) -> 3852.2 | I10: =SUMIFS(Oats_Mo!$P:$P,Oats_Mo!$B:$B,"Production",Oats_Mo!$C:$C,RIGHT(I$2,5)) -> 4618.4 | J10: =SUMIFS(Oats_Mo!$P:$P,Oats_Mo!$B:$B,"Production",Oats_Mo!$C:$C,RIGHT(J$2,5)) -> 4272.6 | K10: =SUMIFS(Oats_Mo!$P:$P,Oats_Mo!$B:$B,"Production",Oats_Mo!$C:$C,RIGHT(K$2,5)) -> 2911.5 | ... Z10: =SUMIFS(Oats_Mo!$P:$P,Oats_Mo!$B:$B,"Production",Oats_Mo!$C:$C,RIGHT(Z$2,5)) -> 3357.6
A11: Oats | B11: Total Supply | C11: KMT | D11: =D8+D9+D10 -> 3310.364 | E11: =E8+E9+E10 -> 3935.028 | F11: =F8+F9+F10 -> 4288.938 | G11: =G8+G9+G10 -> 4288.205 | H11: =H8+H9+H10 -> 4751.598 | I11: =I8+I9+I10 -> 5200.193 | J11: =J8+J9+J10 -> 5249.418 | K11: =K8+K9+K10 -> 4466.276 | ... Z11: =Z8+Z9+Z10 -> 4073.508
A13: Oats | B13: Food | C13: KMT | D13: =SUMIFS(Oats_Mo!$P:$P,Oats_Mo!$B:$B,"Food",Oats_Mo!$C:$C,RIGHT(D$2,5)) -> 132.1 | E13: =SUMIFS(Oats_Mo!$P:$P,Oats_Mo!$B:$B,"Food",Oats_Mo!$C:$C,RIGHT(E$2,5)) -> 139.8 | F13: =SUMIFS(Oats_Mo!$P:$P,Oats_Mo!$B:$B,"Food",Oats_Mo!$C:$C,RIGHT(F$2,5)) -> 117.5 | G13: =SUMIFS(Oats_Mo!$P:$P,Oats_Mo!$B:$B,"Food",Oats_Mo!$C:$C,RIGHT(G$2,5)) -> 78.7 | H13: =SUMIFS(Oats_Mo!$P:$P,Oats_Mo!$B:$B,"Food",Oats_Mo!$C:$C,RIGHT(H$2,5)) -> 92.1 | I13: =SUMIFS(Oats_Mo!$P:$P,Oats_Mo!$B:$B,"Food",Oats_Mo!$C:$C,RIGHT(I$2,5)) -> 70.2 | J13: =SUMIFS(Oats_Mo!$P:$P,Oats_Mo!$B:$B,"Food",Oats_Mo!$C:$C,RIGHT(J$2,5)) -> 69.3 | K13: =SUMIFS(Oats_Mo!$P:$P,Oats_Mo!$B:$B,"Food",Oats_Mo!$C:$C,RIGHT(K$2,5)) -> 59.8 | ... Z13: =SUMIFS(Oats_Mo!$P:$P,Oats_Mo!$B:$B,"Food",Oats_Mo!$C:$C,RIGHT(Z$2,5)) -> 75.2
A14: Oats | B14: Industrial | C14: KMT | D14: =SUMIFS(Oats_Mo!$P:$P,Oats_Mo!$B:$B,"Industrial",Oats_Mo!$C:$C,RIGHT(D$2,5)) -> 0 | E14: =SUMIFS(Oats_Mo!$P:$P,Oats_Mo!$B:$B,"Industrial",Oats_Mo!$C:$C,RIGHT(E$2,5)) -> 0 | F14: =SUMIFS(Oats_Mo!$P:$P,Oats_Mo!$B:$B,"Industrial",Oats_Mo!$C:$C,RIGHT(F$2,5)) -> 0 | G14: =SUMIFS(Oats_Mo!$P:$P,Oats_Mo!$B:$B,"Industrial",Oats_Mo!$C:$C,RIGHT(G$2,5)) -> 0 | H14: =SUMIFS(Oats_Mo!$P:$P,Oats_Mo!$B:$B,"Industrial",Oats_Mo!$C:$C,RIGHT(H$2,5)) -> 0 | I14: =SUMIFS(Oats_Mo!$P:$P,Oats_Mo!$B:$B,"Industrial",Oats_Mo!$C:$C,RIGHT(I$2,5)) -> 0 | J14: =SUMIFS(Oats_Mo!$P:$P,Oats_Mo!$B:$B,"Industrial",Oats_Mo!$C:$C,RIGHT(J$2,5)) -> 0 | K14: =SUMIFS(Oats_Mo!$P:$P,Oats_Mo!$B:$B,"Industrial",Oats_Mo!$C:$C,RIGHT(K$2,5)) -> 0 | ... Z14: =SUMIFS(Oats_Mo!$P:$P,Oats_Mo!$B:$B,"Industrial",Oats_Mo!$C:$C,RIGHT(Z$2,5)) -> 0
A15: Oats | B15: FSR | C15: KMT | D15: =SUMIFS(Oats_Mo!$P:$P,Oats_Mo!$B:$B,"FSR",Oats_Mo!$C:$C,RIGHT(D$2,5))+SUMIFS(Oats_Mo!$P:$P,Oats_Mo!$B:$B,"Seed",Oats_Mo!$C:$C,RIGHT(D$2,5)) -> 1556.034 | E15: =SUMIFS(Oats_Mo!$P:$P,Oats_Mo!$B:$B,"FSR",Oats_Mo!$C:$C,RIGHT(E$2,5))+SUMIFS(Oats_Mo!$P:$P,Oats_Mo!$B:$B,"Seed",Oats_Mo!$C:$C,RIGHT(E$2,5)) -> 1567.37 | F15: =SUMIFS(Oats_Mo!$P:$P,Oats_Mo!$B:$B,"FSR",Oats_Mo!$C:$C,RIGHT(F$2,5))+SUMIFS(Oats_Mo!$P:$P,Oats_Mo!$B:$B,"Seed",Oats_Mo!$C:$C,RIGHT(F$2,5)) -> 1661.006 | G15: =SUMIFS(Oats_Mo!$P:$P,Oats_Mo!$B:$B,"FSR",Oats_Mo!$C:$C,RIGHT(G$2,5))+SUMIFS(Oats_Mo!$P:$P,Oats_Mo!$B:$B,"Seed",Oats_Mo!$C:$C,RIGHT(G$2,5)) -> 1616.062 | H15: =SUMIFS(Oats_Mo!$P:$P,Oats_Mo!$B:$B,"FSR",Oats_Mo!$C:$C,RIGHT(H$2,5))+SUMIFS(Oats_Mo!$P:$P,Oats_Mo!$B:$B,"Seed",Oats_Mo!$C:$C,RIGHT(H$2,5)) -> 1909.411 | I15: =SUMIFS(Oats_Mo!$P:$P,Oats_Mo!$B:$B,"FSR",Oats_Mo!$C:$C,RIGHT(I$2,5))+SUMIFS(Oats_Mo!$P:$P,Oats_Mo!$B:$B,"Seed",Oats_Mo!$C:$C,RIGHT(I$2,5)) -> 1547.529 | J15: =SUMIFS(Oats_Mo!$P:$P,Oats_Mo!$B:$B,"FSR",Oats_Mo!$C:$C,RIGHT(J$2,5))+SUMIFS(Oats_Mo!$P:$P,Oats_Mo!$B:$B,"Seed",Oats_Mo!$C:$C,RIGHT(J$2,5)) -> 1454.868 | K15: =SUMIFS(Oats_Mo!$P:$P,Oats_Mo!$B:$B,"FSR",Oats_Mo!$C:$C,RIGHT(K$2,5))+SUMIFS(Oats_Mo!$P:$P,Oats_Mo!$B:$B,"Seed",Oats_Mo!$C:$C,RIGHT(K$2,5)) -> 1452.122 | ... Z15: =SUMIFS(Oats_Mo!$P:$P,Oats_Mo!$B:$B,"FSR",Oats_Mo!$C:$C,RIGHT(Z$2,5))+SUMIFS(Oats_Mo!$P:$P,Oats_Mo!$B:$B,"Seed",Oats_Mo!$C:$C,RIGHT(Z$2,5)) -> 1275.321
A16: Oats | B16: Exports | C16: KMT | D16: =SUMIFS(Oats_Mo!$P:$P,Oats_Mo!$B:$B,"Exports",Oats_Mo!$C:$C,RIGHT(D$2,5)) -> 1098.33 | E16: =SUMIFS(Oats_Mo!$P:$P,Oats_Mo!$B:$B,"Exports",Oats_Mo!$C:$C,RIGHT(E$2,5)) -> 1439.758 | F16: =SUMIFS(Oats_Mo!$P:$P,Oats_Mo!$B:$B,"Exports",Oats_Mo!$C:$C,RIGHT(F$2,5)) -> 1536.032 | G16: =SUMIFS(Oats_Mo!$P:$P,Oats_Mo!$B:$B,"Exports",Oats_Mo!$C:$C,RIGHT(G$2,5)) -> 1721.743 | H16: =SUMIFS(Oats_Mo!$P:$P,Oats_Mo!$B:$B,"Exports",Oats_Mo!$C:$C,RIGHT(H$2,5)) -> 2193.887 | I16: =SUMIFS(Oats_Mo!$P:$P,Oats_Mo!$B:$B,"Exports",Oats_Mo!$C:$C,RIGHT(I$2,5)) -> 2632.964 | J16: =SUMIFS(Oats_Mo!$P:$P,Oats_Mo!$B:$B,"Exports",Oats_Mo!$C:$C,RIGHT(J$2,5)) -> 2198.05 | K16: =SUMIFS(Oats_Mo!$P:$P,Oats_Mo!$B:$B,"Exports",Oats_Mo!$C:$C,RIGHT(K$2,5)) -> 1792.554 | ... Z16: =SUMIFS(Oats_Mo!$P:$P,Oats_Mo!$B:$B,"Exports",Oats_Mo!$C:$C,RIGHT(Z$2,5)) -> 2216.287
A17: Oats | B17: Total Disposition | C17: KMT | D17: =D13+D14+D15+D16 -> 2786.464 | E17: =E13+E14+E15+E16 -> 3146.928 | F17: =F13+F14+F15+F16 -> 3314.538 | G17: =G13+G14+G15+G16 -> 3416.505 | H17: =H13+H14+H15+H16 -> 4195.398 | I17: =I13+I14+I15+I16 -> 4250.693 | J17: =J13+J14+J15+J16 -> 3722.218 | K17: =K13+K14+K15+K16 -> 3304.476 | ... Z17: =Z13+Z14+Z15+Z16 -> 3566.808
A19: Oats | B19: Ending Stocks | C19: KMT | D19: =D11-D17 -> 523.9 | E19: =E11-E17 -> 788.1 | F19: =F11-F17 -> 974.4 | G19: =G11-G17 -> 871.7 | H19: =H11-H17 -> 556.2 | I19: =I11-I17 -> 949.5 | J19: =J11-J17 -> 1527.2 | K19: =K11-K17 -> 1161.8 | ... Z19: =Z11-Z17 -> 506.7
A20: Oats | B20: Stocks-to-Use | C20: % | D20: =IF(D17<>0,D19/D17,"") -> 0.18801607 | E20: =IF(E17<>0,E19/E17,"") -> 0.25043471 | F20: =IF(F17<>0,F19/F17,"") -> 0.29397762 | G20: =IF(G17<>0,G19/G17,"") -> 0.25514378 | H20: =IF(H17<>0,H19/H17,"") -> 0.13257383 | I20: =IF(I17<>0,I19/I17,"") -> 0.22337534 | J20: =IF(J17<>0,J19/J17,"") -> 0.410293 | K20: =IF(K17<>0,K19/K17,"") -> 0.35158373 | ... Z20: =IF(Z17<>0,Z19/Z17,"") -> 0.14205979
A21: Oats | B21: STU Days | C21: Days | D21: =IF(D17<>0,D19/D17*365,"") -> 68.625864 | E21: =IF(E17<>0,E19/E17*365,"") -> 91.408669 | F21: =IF(F17<>0,F19/F17*365,"") -> 107.30183 | G21: =IF(G17<>0,G19/G17*365,"") -> 93.12748 | H21: =IF(H17<>0,H19/H17*365,"") -> 48.38945 | I21: =IF(I17<>0,I19/I17*365,"") -> 81.532 | J21: =IF(J17<>0,J19/J17*365,"") -> 149.75695 | K21: =IF(K17<>0,K19/K17*365,"") -> 128.32806 | ... Z21: =IF(Z17<>0,Z19/Z17*365,"") -> 51.851824
A22: Oats | B22: CHECK | C22: KMT | D22: =D19-SUMIFS(Oats_Mo!$P:$P,Oats_Mo!$B:$B,"STOCKS",Oats_Mo!$C:$C,RIGHT(D$2,5)) -> 0 | E22: =E19-SUMIFS(Oats_Mo!$P:$P,Oats_Mo!$B:$B,"STOCKS",Oats_Mo!$C:$C,RIGHT(E$2,5)) -> 1.1368684e-12 | F22: =F19-SUMIFS(Oats_Mo!$P:$P,Oats_Mo!$B:$B,"STOCKS",Oats_Mo!$C:$C,RIGHT(F$2,5)) -> 0 | G22: =G19-SUMIFS(Oats_Mo!$P:$P,Oats_Mo!$B:$B,"STOCKS",Oats_Mo!$C:$C,RIGHT(G$2,5)) -> 1.9326762e-12 | H22: =H19-SUMIFS(Oats_Mo!$P:$P,Oats_Mo!$B:$B,"STOCKS",Oats_Mo!$C:$C,RIGHT(H$2,5)) -> 4.3200998e-12 | I22: =I19-SUMIFS(Oats_Mo!$P:$P,Oats_Mo!$B:$B,"STOCKS",Oats_Mo!$C:$C,RIGHT(I$2,5)) -> 3.1832315e-12 | J22: =J19-SUMIFS(Oats_Mo!$P:$P,Oats_Mo!$B:$B,"STOCKS",Oats_Mo!$C:$C,RIGHT(J$2,5)) -> 0 | K22: =K19-SUMIFS(Oats_Mo!$P:$P,Oats_Mo!$B:$B,"STOCKS",Oats_Mo!$C:$C,RIGHT(K$2,5)) -> 0 | ... Z22: =Z19-SUMIFS(Oats_Mo!$P:$P,Oats_Mo!$B:$B,"STOCKS",Oats_Mo!$C:$C,RIGHT(Z$2,5)) -> 3.2969183e-12
A25: =A22 -> Oats | B25: FS/Prod | D25: {=SUM(D13:D14/D$10)} -> 0.045384272 | E25: {=SUM(E13:E14/E$10)} -> 0.041401368 | F25: {=SUM(F13:F14/F$10)} -> 0.033889017 | G25: {=SUM(G13:G14/G$10)} -> 0.023974168 | H25: {=SUM(H13:H14/H$10)} -> 0.023908416 | I25: {=SUM(I13:I14/I$10)} -> 0.015200069 | J25: {=SUM(J13:J14/J$10)} -> 0.016219632 | K25: {=SUM(K13:K14/K$10)} -> 0.020539241 | ... Z25: {=SUM(Z13:Z14/Z$10)} -> 0.02239695
A26: =A25 -> Oats | B26: FSR/Prod | D26: =D15/D$10 -> 0.53459099 | E26: =E15/E$10 -> 0.46417212 | F26: =F15/F$10 -> 0.47906264 | G26: =G15/G$10 -> 0.49229659 | H26: =H15/H$10 -> 0.49566767 | I26: =I15/I$10 -> 0.33507903 | J26: =J15/J$10 -> 0.34051116 | K26: =K15/K$10 -> 0.49875391 | ... Z26: =Z15/Z$10 -> 0.37983113
A27: =A26 -> Oats | B27: Exp/Prod | D27: =D16/D$10 -> 0.37734222 | E27: =E16/E$10 -> 0.42638019 | F27: =F16/F$10 -> 0.443018 | G27: =G16/G$10 -> 0.5244899 | H27: =H16/H$10 -> 0.56951534 | I27: =I16/I$10 -> 0.57010307 | J27: =J16/J$10 -> 0.51445256 | K27: =K16/K$10 -> 0.61568058 | ... Z27: =Z16/Z$10 -> 0.66008071
D29: =(D13-C13)/C13 -> #VALUE! | E29: =(E13-D13)/D13 -> 0.058289175 | F29: =(F13-E13)/E13 -> -0.15951359 | G29: =(G13-F13)/F13 -> -0.33021277 | H29: =(H13-G13)/G13 -> 0.17026684 | I29: =(I13-H13)/H13 -> -0.23778502 | J29: =(J13-I13)/I13 -> -0.012820513 | K29: =(K13-J13)/J13 -> -0.13708514 | ... Z29: =(Z13-Y13)/Y13 -> -0.045685279
D30: =(D14-C14)/C14 -> #VALUE! | E30: =(E14-D14)/D14 -> #DIV/0! | F30: =(F14-E14)/E14 -> #DIV/0! | G30: =(G14-F14)/F14 -> #DIV/0! | H30: =(H14-G14)/G14 -> #DIV/0! | I30: =(I14-H14)/H14 -> #DIV/0! | J30: =(J14-I14)/I14 -> #DIV/0! | K30: =(K14-J14)/J14 -> #DIV/0! | ... Z30: =(Z14-Y14)/Y14 -> #DIV/0!
D31: =(D15-C15)/C15 -> #VALUE! | E31: =(E15-D15)/D15 -> 0.0072851879 | F31: =(F15-E15)/E15 -> 0.05974084 | G31: =(G15-F15)/F15 -> -0.027058301 | H31: =(H15-G15)/G15 -> 0.18152088 | I31: =(I15-H15)/H15 -> -0.18952546 | J31: =(J15-I15)/I15 -> -0.059876745 | K31: =(K15-J15)/J15 -> -0.0018874565 | ... Z31: =(Z15-Y15)/Y15 -> -0.067884763
D32: =(D16-C16)/C16 -> #VALUE! | E32: =(E16-D16)/D16 -> 0.31086103 | F32: =(F16-E16)/E16 -> 0.066868182 | G32: =(G16-F16)/F16 -> 0.12090308 | H32: =(H16-G16)/G16 -> 0.27422443 | I32: =(I16-H16)/H16 -> 0.20013656 | J32: =(J16-I16)/I16 -> -0.16518038 | K32: =(K16-J16)/J16 -> -0.18447988 | ... Z32: =(Z16-Y16)/Y16 -> 0.072608516

Sheet Soybeans_Mo
A1: Commodity | B1: Metric | C1: Crop Year | D1: SEP | E1: OCT | F1: NOV | G1: DEC | H1: JAN | I1: FEB | J1: MAR | K1: APR | L1: MAY | M1: JUN | N1: JUL | O1: AUG | P1: SEP/AUG
A2: Soybeans | B2: Planted Area | C2: 02-03 | D2: 2.5461 | P2: =D2 -> 2.5461
A3: Soybeans | B3: Planted Area | C3: 03-04 | D3: 2.6016 | P3: =D3 -> 2.6016
A4: Soybeans | B4: Planted Area | C4: 04-05 | D4: 3.0222 | P4: =D4 -> 3.0222
A5: Soybeans | B5: Planted Area | C5: 05-06 | D5: 2.8971 | P5: =D5 -> 2.8971
A6: Soybeans | B6: Planted Area | C6: 06-07 | D6: 2.998369 | P6: =D6 -> 2.998369
A7: Soybeans | B7: Planted Area | C7: 07-08 | D7: 2.9009 | P7: =D7 -> 2.9009
A8: Soybeans | B8: Planted Area | C8: 08-09 | D8: 2.9713 | P8: =D8 -> 2.9713
A9: Soybeans | B9: Planted Area | C9: 09-10 | D9: 3.518 | P9: =D9 -> 3.518
A10: Soybeans | B10: Planted Area | C10: 10-11 | D10: 3.7388 | P10: =D10 -> 3.7388
A11: Soybeans | B11: Planted Area | C11: 11-12 | D11: 3.851662 | P11: =D11 -> 3.851662
A12: Soybeans | B12: Planted Area | C12: 12-13 | D12: 4.192 | P12: =D12 -> 4.192
A13: Soybeans | B13: Planted Area | C13: 13-14 | D13: 4.6332 | P13: =D13 -> 4.6332
... A93: Soybeans | B93: Production | C93: 24-25 | D93: 7728.3 | P93: =D93 -> 7728.3
A94: Soybeans | B94: Exports | C94: 02-03 | D94: 12.88 | E94: 115.504 | F94: 142.814 | G94: 153.724 | H94: 34.102 | I94: 40.488 | J94: 42.918 | K94: 44.398 | L94: 47.834 | M94: 49.454 | N94: 23.022 | O94: 19.272 | P94: =SUM(D94:O94) -> 726.41
A95: Soybeans | B95: Exports | C95: 03-04 | D95: 24.988 | E95: 161.962 | F95: 269.32 | G95: 116.71 | H95: 34.184 | I95: 33.782 | J95: 37.26 | K95: 37.426 | L95: 70.942 | M95: 54.024 | N95: 37.374 | O95: 35.87 | P95: =SUM(D95:O95) -> 913.842
A96: Soybeans | B96: Exports | C96: 04-05 | D96: 34.864 | E96: 183.406 | F96: 258.67 | G96: 166.476 | H96: 39.362 | I96: 37.278 | J96: 70.922 | K96: 56.512 | L96: 59.338 | M96: 60.942 | N96: 88.904 | O96: 67.076 | P96: =SUM(D96:O96) -> 1123.75
A97: Soybeans | B97: Exports | C97: 05-06 | D97: 81.394 | E97: 200.962 | F97: 230.42 | G97: 187.588 | H97: 101 | I97: 42.104 | J97: 65.702 | K97: 46.954 | L97: 103.322 | M97: 50.954 | N97: 148.274 | O97: 59.59 | P97: =SUM(D97:O97) -> 1318.264
A98: Soybeans | B98: Exports | C98: 06-07 | D98: 139.646 | E98: 131.2 | F98: 346.364 | G98: 234.408 | H98: 140.576 | I98: 57.53 | J98: 93.95 | K98: 112.146 | L98: 110.37 | M98: 126.632 | N98: 130.946 | O98: 122.374 | P98: =SUM(D98:O98) -> 1746.142
A99: Soybeans | B99: Exports | C99: 07-08 | D99: 89.898 | E99: 353.804 | F99: 374.952 | G99: 170.144 | H99: 86.514 | I99: 128.248 | J99: 105.492 | K99: 77.224 | L99: 91.184 | M99: 94.812 | N99: 58.124 | O99: 81.232 | P99: =SUM(D99:O99) -> 1711.628
A100: Soybeans | B100: Exports | C100: 08-09 | D100: 33.284 | E100: 288.024 | F100: 466.05 | G100: 340.446 | H100: 145.338 | I100: 97.498 | J100: 103.954 | K100: 98.024 | L100: 157.148 | M100: 111.98 | N100: 94.242 | O100: 58.792 | P100: =SUM(D100:O100) -> 1994.78
A101: Soybeans | B101: Exports | C101: 09-10 | D101: 60.298 | E101: 283.498 | F101: 583.156 | G101: 485.126 | H101: 177.292 | I101: 106.368 | J101: 124.388 | K101: 94.078 | L101: 78.292 | M101: 80.148 | N101: 115.584 | O101: 132.234 | P101: =SUM(D101:O101) -> 2320.462
A102: Soybeans | B102: Exports | C102: 10-11 | D102: 70.836 | E102: 630.016 | F102: 709.012 | G102: 457.716 | H102: 211.72 | I102: 169.776 | J102: 95.476 | K102: 143.694 | L102: 73.27 | M102: 165.642 | N102: 83.204 | O102: 91.924 | P102: =SUM(D102:O102) -> 2902.286
A103: Soybeans | B103: Exports | C103: 11-12 | D103: 90.742 | E103: 445.112 | F103: 593.882 | G103: 486.182 | H103: 144.997 | I103: 228.263 | J103: 119.344 | K103: 197.524 | L103: 246.693 | M103: 145.027 | N103: 142.965 | O103: 93.484 | P103: =SUM(D103:O103) -> 2934.215
A104: Soybeans | B104: Exports | C104: 12-13 | D104: 85.079 | E104: 963.936 | F104: 749.156 | G104: 488.864 | H104: 299.481 | I104: 193.67 | J104: 106.95 | K104: 101.436 | L104: 119.887 | M104: 144.429 | N104: 123.896 | O104: 89.025 | P104: =SUM(D104:O104) -> 3465.809
A105: Soybeans | B105: Exports | C105: 13-14 | D105: 72.091 | E105: 904.724 | F105: 882.81 | G105: 483.026 | H105: 263.753 | I105: 168.934 | J105: 143.25 | K105: 117.557 | L105: 129.666 | M105: 130.433 | N105: 83.876 | O105: 67.473 | P105: =SUM(D105:O105) -> 3447.593
... A208: Soybeans | B208: Seed | C208: 24-25 | D208: 0 | E208: 0 | F208: 0 | G208: 0 | H208: 0 | I208: 0 | J208: 0 | K208: 0 | L208: 0 | M208: 0 | N208: 0 | O208: 0 | P208: =SUM(D208:O208) -> 0
A209: Soybeans | B209: Food & Processing | C209: 02-03 | D209: =D140+D163 -> 181.76667 | E209: =E140+E163 -> 181.76667 | F209: =F140+F163 -> 181.76667 | G209: =G140+G163 -> 181.76667 | H209: =H140+H163 -> 181.76667 | I209: =I140+I163 -> 181.76667 | J209: =J140+J163 -> 181.76667 | K209: =K140+K163 -> 181.76667 | ... O209: =O140+O163 -> 181.76667 | P209: =SUM(D209:O209) -> 2181.2
A210: Soybeans | B210: Food & Processing | C210: 03-04 | D210: =D141+D164 -> 152.01667 | E210: =E141+E164 -> 152.01667 | F210: =F141+F164 -> 152.01667 | G210: =G141+G164 -> 152.01667 | H210: =H141+H164 -> 152.01667 | I210: =I141+I164 -> 152.01667 | J210: =J141+J164 -> 152.01667 | K210: =K141+K164 -> 152.01667 | ... O210: =O141+O164 -> 152.01667 | P210: =SUM(D210:O210) -> 1824.2
A211: Soybeans | B211: Food & Processing | C211: 04-05 | D211: =D142+D165 -> 171.95833 | E211: =E142+E165 -> 171.95833 | F211: =F142+F165 -> 171.95833 | G211: =G142+G165 -> 171.95833 | H211: =H142+H165 -> 171.95833 | I211: =I142+I165 -> 171.95833 | J211: =J142+J165 -> 171.95833 | K211: =K142+K165 -> 171.95833 | ... O211: =O142+O165 -> 171.95833 | P211: =SUM(D211:O211) -> 2063.5
A212: Soybeans | B212: Food & Processing | C212: 05-06 | D212: =D143+D166 -> 152.3 | E212: =E143+E166 -> 152.3 | F212: =F143+F166 -> 152.3 | G212: =G143+G166 -> 152.3 | H212: =H143+H166 -> 152.3 | I212: =I143+I166 -> 152.3 | J212: =J143+J166 -> 152.3 | K212: =K143+K166 -> 152.3 | ... O212: =O143+O166 -> 152.3 | P212: =SUM(D212:O212) -> 1827.6
A213: Soybeans | B213: Food & Processing | C213: 06-07 | D213: =D144+D167 -> 155.73333 | E213: =E144+E167 -> 155.73333 | F213: =F144+F167 -> 155.73333 | G213: =G144+G167 -> 155.73333 | H213: =H144+H167 -> 155.73333 | I213: =I144+I167 -> 155.73333 | J213: =J144+J167 -> 155.73333 | K213: =K144+K167 -> 155.73333 | ... O213: =O144+O167 -> 155.73333 | P213: =SUM(D213:O213) -> 1868.8
A214: Soybeans | B214: Food & Processing | C214: 07-08 | D214: =D145+D168 -> 129.64167 | E214: =E145+E168 -> 129.64167 | F214: =F145+F168 -> 129.64167 | G214: =G145+G168 -> 129.64167 | H214: =H145+H168 -> 129.64167 | I214: =I145+I168 -> 129.64167 | J214: =J145+J168 -> 129.64167 | K214: =K145+K168 -> 129.64167 | ... O214: =O145+O168 -> 129.64167 | P214: =SUM(D214:O214) -> 1555.7
A215: Soybeans | B215: Food & Processing | C215: 08-09 | D215: =D146+D169 -> 128.84167 | E215: =E146+E169 -> 128.84167 | F215: =F146+F169 -> 128.84167 | G215: =G146+G169 -> 128.84167 | H215: =H146+H169 -> 128.84167 | I215: =I146+I169 -> 128.84167 | J215: =J146+J169 -> 128.84167 | K215: =K146+K169 -> 128.84167 | ... O215: =O146+O169 -> 128.84167 | P215: =SUM(D215:O215) -> 1546.1
A216: Soybeans | B216: Food & Processing | C216: 09-10 | D216: =D147+D170 -> 133.29167 | E216: =E147+E170 -> 133.29167 | F216: =F147+F170 -> 133.29167 | G216: =G147+G170 -> 133.29167 | H216: =H147+H170 -> 133.29167 | I216: =I147+I170 -> 133.29167 | J216: =J147+J170 -> 133.29167 | K216: =K147+K170 -> 133.29167 | ... O216: =O147+O170 -> 133.29167 | P216: =SUM(D216:O216) -> 1599.5
A217: Soybeans | B217: Food & Processing | C217: 10-11 | D217: =D148+D171 -> 150.26667 | E217: =E148+E171 -> 150.26667 | F217: =F148+F171 -> 150.26667 | G217: =G148+G171 -> 150.26667 | H217: =H148+H171 -> 150.26667 | I217: =I148+I171 -> 150.26667 | J217: =J148+J171 -> 150.26667 | K217: =K148+K171 -> 150.26667 | ... O217: =O148+O171 -> 150.26667 | P217: =SUM(D217:O217) -> 1803.2
A218: Soybeans | B218: Food & Processing | C218: 11-12 | D218: =D149+D172 -> 154.04167 | E218: =E149+E172 -> 154.04167 | F218: =F149+F172 -> 154.04167 | G218: =G149+G172 -> 154.04167 | H218: =H149+H172 -> 154.04167 | I218: =I149+I172 -> 154.04167 | J218: =J149+J172 -> 154.04167 | K218: =K149+K172 -> 154.04167 | ... O218: =O149+O172 -> 154.04167 | P218: =SUM(D218:O218) -> 1848.5
A219: Soybeans | B219: Food & Processing | C219: 12-13 | D219: =D150+D173 -> 158.31667 | E219: =E150+E173 -> 158.31667 | F219: =F150+F173 -> 158.31667 | G219: =G150+G173 -> 158.31667 | H219: =H150+H173 -> 158.31667 | I219: =I150+I173 -> 158.31667 | J219: =J150+J173 -> 158.31667 | K219: =K150+K173 -> 158.31667 | ... O219: =O150+O173 -> 158.31667 | P219: =SUM(D219:O219) -> 1899.8
A220: Soybeans | B220: Food & Processing | C220: 13-14 | D220: =D151+D174 -> 163.28333 | E220: =E151+E174 -> 163.28333 | F220: =F151+F174 -> 163.28333 | G220: =G151+G174 -> 163.28333 | H220: =H151+H174 -> 163.28333 | I220: =I151+I174 -> 163.28333 | J220: =J151+J174 -> 163.28333 | K220: =K151+K174 -> 163.28333 | ... O220: =O151+O174 -> 163.28333 | P220: =SUM(D220:O220) -> 1959.4
... A231: Soybeans | B231: Food & Processing | C231: 24-25 | D231: =D162+D185 -> 193 | E231: =E162+E185 -> 193 | F231: =F162+F185 -> 193 | G231: =G162+G185 -> 193 | H231: =H162+H185 -> 193 | I231: =I162+I185 -> 193 | J231: =J162+J185 -> 193 | K231: =K162+K185 -> 193 | ... O231: =O162+O185 -> 193 | P231: =SUM(D231:O231) -> 2316
A232: Soybeans | B232: FSR | C232: 02-03 | D232: 8.8185 | E232: 8.8185 | F232: 8.8185 | G232: 8.8185 | H232: 8.8185 | I232: 8.8185 | J232: 8.8185 | K232: 8.8185 | L232: 8.8185 | M232: 8.8185 | N232: 8.8185 | O232: 8.8185 | P232: =SUM(D232:O232) -> 105.822
A233: Soybeans | B233: FSR | C233: 03-04 | D233: 10.585167 | E233: 10.585167 | F233: 10.585167 | G233: 10.585167 | H233: 10.585167 | I233: 10.585167 | J233: 10.585167 | K233: 10.585167 | L233: 10.585167 | M233: 10.585167 | N233: 10.585167 | O233: 10.585167 | P233: =SUM(D233:O233) -> 127.022
A234: Soybeans | B234: FSR | C234: 04-05 | D234: 10.01 | E234: 10.01 | F234: 10.01 | G234: 10.01 | H234: 10.01 | I234: 10.01 | J234: 10.01 | K234: 10.01 | L234: 10.01 | M234: 10.01 | N234: 10.01 | O234: 10.01 | P234: =SUM(D234:O234) -> 120.12
A235: Soybeans | B235: FSR | C235: 05-06 | D235: 10.3295 | E235: 10.3295 | F235: 10.3295 | G235: 10.3295 | H235: 10.3295 | I235: 10.3295 | J235: 10.3295 | K235: 10.3295 | L235: 10.3295 | M235: 10.3295 | N235: 10.3295 | O235: 10.3295 | P235: =SUM(D235:O235) -> 123.954
A236: Soybeans | B236: FSR | C236: 06-07 | D236: 9.6861667 | E236: 9.6861667 | F236: 9.6861667 | G236: 9.6861667 | H236: 9.6861667 | I236: 9.6861667 | J236: 9.6861667 | K236: 9.6861667 | L236: 9.6861667 | M236: 9.6861667 | N236: 9.6861667 | O236: 9.6861667 | P236: =SUM(D236:O236) -> 116.234
A237: Soybeans | B237: FSR | C237: 07-08 | D237: 9.1383333 | E237: 9.1383333 | F237: 9.1383333 | G237: 9.1383333 | H237: 9.1383333 | I237: 9.1383333 | J237: 9.1383333 | K237: 9.1383333 | L237: 9.1383333 | M237: 9.1383333 | N237: 9.1383333 | O237: 9.1383333 | P237: =SUM(D237:O237) -> 109.66
A238: Soybeans | B238: FSR | C238: 08-09 | D238: 3.4648333 | E238: 3.4648333 | F238: 3.4648333 | G238: 3.4648333 | H238: 3.4648333 | I238: 3.4648333 | J238: 3.4648333 | K238: 3.4648333 | L238: 3.4648333 | M238: 3.4648333 | N238: 3.4648333 | O238: 3.4648333 | P238: =SUM(D238:O238) -> 41.578
A239: Soybeans | B239: FSR | C239: 09-10 | D239: -4.3008333 | E239: -4.3008333 | F239: -4.3008333 | G239: -4.3008333 | H239: -4.3008333 | I239: -4.3008333 | J239: -4.3008333 | K239: -4.3008333 | L239: -4.3008333 | M239: -4.3008333 | N239: -4.3008333 | O239: -4.3008333 | P239: =SUM(D239:O239) -> -51.61
A240: Soybeans | B240: FSR | C240: 10-11 | D240: 1.157 | E240: 1.157 | F240: 1.157 | G240: 1.157 | H240: 1.157 | I240: 1.157 | J240: 1.157 | K240: 1.157 | L240: 1.157 | M240: 1.157 | N240: 1.157 | O240: 1.157 | P240: =SUM(D240:O240) -> 13.884
A241: Soybeans | B241: FSR | C241: 11-12 | D241: -1.5459167 | E241: -1.5459167 | F241: -1.5459167 | G241: -1.5459167 | H241: -1.5459167 | I241: -1.5459167 | J241: -1.5459167 | K241: -1.5459167 | L241: -1.5459167 | M241: -1.5459167 | N241: -1.5459167 | O241: -1.5459167 | P241: =SUM(D241:O241) -> -18.551
A242: Soybeans | B242: FSR | C242: 12-13 | D242: 4.349 | E242: 4.349 | F242: 4.349 | G242: 4.349 | H242: 4.349 | I242: 4.349 | J242: 4.349 | K242: 4.349 | L242: 4.349 | M242: 4.349 | N242: 4.349 | O242: 4.349 | P242: =SUM(D242:O242) -> 52.188
